scale,trial,n_block,k_events,baseline,start_node,goal_node,n_events_target,n_events_succeeded,success_all_events,cumulative_replan_ms,cumulative_expanded,cumulative_queue_pushes,cumulative_queue_pops,cumulative_queue_stale_pops,cumulative_updated_vertices,cumulative_reopened_states,cumulative_affected_edges,cumulative_affected_vertices,final_path_cost,final_path_energy_kj,final_path_len_km,blocked_edges_total,note
large,1,2,5,B4_Proposed_LPA_Layered,4435,174,5,5,True,78.62350018694997,1205.0,5733.0,1205.0,0.0,13037.0,592.0,10.0,20.0,14.533712846893561,256.5668281091304,6.920844843273914,10,
large,1,2,5,B2_GlobalAstar_Layered,4435,174,5,5,True,122.34280025586486,12440.0,20753.0,19473.0,0.0,20748.0,0.0,10.0,20.0,14.533712846893561,256.5668281091304,6.920844843273914,10,
large,2,2,5,B4_Proposed_LPA_Layered,4702,2924,5,5,True,36.93740000016987,598.0,2494.0,598.0,0.0,5866.0,276.0,10.0,19.0,18.488634213392903,394.0872527912295,9.601447583736887,10,
large,2,2,5,B2_GlobalAstar_Layered,4702,2924,5,5,True,262.76970002800226,25962.0,42660.0,40174.0,0.0,42655.0,0.0,10.0,19.0,18.488634213392903,394.0872527912295,9.601447583736887,10,
large,3,2,5,B4_Proposed_LPA_Layered,4719,5074,5,5,True,0.13940036296844482,2.0,4.0,2.0,0.0,39.0,1.0,10.0,19.0,4.3570604309833865,78.20235010695816,2.0873505032087456,10,
large,3,2,5,B2_GlobalAstar_Layered,4719,5074,5,5,True,8.388599613681436,980.0,1814.0,1345.0,0.0,1809.0,0.0,10.0,19.0,4.3570604309833865,78.20235010695816,2.0873505032087456,10,
large,4,2,5,B4_Proposed_LPA_Layered,956,1795,5,5,True,72.09059991873801,1155.0,5337.0,1155.0,0.0,11527.0,558.0,10.0,20.0,12.598385884144992,232.7754454221313,6.1336033626639415,10,
large,4,2,5,B2_GlobalAstar_Layered,956,1795,5,5,True,115.34029990434647,11230.0,18827.0,17017.0,0.0,18822.0,0.0,10.0,20.0,12.598385884144992,232.7754454221313,6.1336033626639415,10,
large,5,2,5,B4_Proposed_LPA_Layered,456,1114,5,5,True,0.835399841889739,13.0,29.0,13.0,0.0,165.0,7.0,10.0,20.0,9.072863015324025,160.35928047521318,4.394768414256397,10,
large,5,2,5,B2_GlobalAstar_Layered,456,1114,5,5,True,54.48449985124171,5761.0,10032.0,8604.0,0.0,10027.0,0.0,10.0,20.0,9.072863015324025,160.35928047521318,4.394768414256397,10,
large,6,2,5,B4_Proposed_LPA_Layered,2259,845,5,5,True,46.406100038439035,667.0,3475.0,667.0,0.0,6726.0,306.0,10.0,20.0,12.227061856231968,236.92620048935098,6.19491601468053,10,
large,6,2,5,B2_GlobalAstar_Layered,2259,845,5,5,True,113.41059999540448,10939.0,18285.0,15837.0,0.0,18280.0,0.0,10.0,20.0,12.227061856231968,236.92620048935098,6.19491601468053,10,
large,7,2,5,B4_Proposed_LPA_Layered,1992,1340,5,5,True,42.64810006134212,644.0,3143.0,644.0,0.0,6795.0,279.0,10.0,19.0,7.367016309932906,145.03995773184096,3.495658731955229,10,
large,7,2,5,B2_GlobalAstar_Layered,1992,1340,5,5,True,24.121400201693177,2682.0,4874.0,3964.0,0.0,4869.0,0.0,10.0,19.0,7.367016309932906,145.03995773184096,3.495658731955229,10,
large,8,2,5,B4_Proposed_LPA_Layered,4772,5816,5,5,True,34.90249998867512,515.0,2603.0,515.0,0.0,5498.0,247.0,10.0,20.0,7.930425333938777,129.14030371218306,3.4111591113654898,10,
large,8,2,5,B2_GlobalAstar_Layered,4772,5816,5,5,True,34.91949988529086,3768.0,6461.0,5453.0,0.0,6456.0,0.0,10.0,20.0,7.930425333938777,129.14030371218306,3.4111591113654898,10,
large,9,2,5,B4_Proposed_LPA_Layered,2059,4068,5,5,True,203.022800385952,2846.0,15971.0,2846.0,0.0,29602.0,1371.0,10.0,19.0,17.93533183354415,348.27280995502935,8.88851429865088,10,
large,9,2,5,B2_GlobalAstar_Layered,2059,4068,5,5,True,215.94609948806465,20861.0,34721.0,32317.0,0.0,34716.0,0.0,10.0,19.0,17.93533183354415,348.27280995502935,8.88851429865088,10,
large,10,2,5,B4_Proposed_LPA_Layered,6741,1061,5,5,True,65.67990011535585,1040.0,4751.0,1040.0,0.0,10647.0,496.0,10.0,19.0,17.89186585706071,294.01553650608355,7.863496095182506,10,
large,10,2,5,B2_GlobalAstar_Layered,6741,1061,5,5,True,110.45149993151426,11842.0,18358.0,17193.0,0.0,18353.0,0.0,10.0,19.0,17.89186585706071,294.01553650608355,7.863496095182506,10,
large,11,2,5,B4_Proposed_LPA_Layered,6208,2944,5,5,True,31.016800086945295,452.0,2203.0,452.0,0.0,4752.0,199.0,10.0,20.0,7.358963702508717,129.28187662090616,3.328676298627185,10,
large,11,2,5,B2_GlobalAstar_Layered,6208,2944,5,5,True,38.29389996826649,4202.0,7018.0,5899.0,0.0,7013.0,0.0,10.0,20.0,7.358963702508717,129.28187662090616,3.328676298627185,10,
large,12,2,5,B4_Proposed_LPA_Layered,2974,2863,5,5,True,175.86350021883845,2875.0,13907.0,2875.0,0.0,28407.0,1420.0,10.0,20.0,23.797506289440538,447.99919778418837,11.102675933525648,10,
large,12,2,5,B2_GlobalAstar_Layered,2974,2863,5,5,True,217.50429994426668,22551.0,35759.0,34056.0,0.0,35754.0,0.0,10.0,20.0,23.797506289440538,447.99919778418837,11.102675933525648,10,
large,13,2,5,B4_Proposed_LPA_Layered,5155,2245,5,5,True,0.1479999627918005,2.0,2.0,2.0,0.0,37.0,1.0,10.0,20.0,5.002757871404306,84.92385038224475,2.427175511467343,10,
large,13,2,5,B2_GlobalAstar_Layered,5155,2245,5,5,True,17.467200057581067,1965.0,3710.0,2735.0,0.0,3705.0,0.0,10.0,20.0,5.002757871404306,84.92385038224475,2.427175511467343,10,
large,14,2,5,B4_Proposed_LPA_Layered,5893,4743,5,5,True,1.116100000217557,17.0,67.0,17.0,0.0,199.0,8.0,10.0,20.0,9.224806346450643,186.0621955007923,4.6087258650237715,10,
large,14,2,5,B2_GlobalAstar_Layered,5893,4743,5,5,True,66.17379980161786,6691.0,11628.0,9915.0,0.0,11623.0,0.0,10.0,20.0,9.224806346450643,186.0621955007923,4.6087258650237715,10,
large,15,2,5,B4_Proposed_LPA_Layered,3115,1270,5,5,True,166.60599992610514,2475.0,12276.0,2475.0,0.0,25981.0,1207.0,10.0,20.0,14.757817934498448,264.01858238096787,7.157627471429035,10,
large,15,2,5,B2_GlobalAstar_Layered,3115,1270,5,5,True,136.5745000075549,13509.0,22008.0,20157.0,0.0,22003.0,0.0,10.0,20.0,14.757817934498448,264.01858238096787,7.157627471429035,10,
large,16,2,5,B4_Proposed_LPA_Layered,3836,1268,5,5,True,11.482099769636989,169.0,706.0,169.0,0.0,1829.0,67.0,10.0,19.0,8.386326587890611,177.99155546768804,4.074076664030642,10,
large,16,2,5,B2_GlobalAstar_Layered,3836,1268,5,5,True,49.60999987088144,5178.0,9255.0,7857.0,0.0,9250.0,0.0,10.0,19.0,8.386326587890611,177.99155546768804,4.074076664030642,10,
large,17,2,5,B4_Proposed_LPA_Layered,1583,1589,5,5,True,436.1884000245482,6530.0,31732.0,6530.0,0.0,67234.0,3261.0,10.0,20.0,22.982422654924704,408.3653400096794,11.088190200290386,10,
large,17,2,5,B2_GlobalAstar_Layered,1583,1589,5,5,True,294.5311004295945,28632.0,44255.0,43035.0,0.0,44250.0,0.0,10.0,20.0,22.982422654924704,408.3653400096794,11.088190200290386,10,
large,18,2,5,B4_Proposed_LPA_Layered,58,6159,5,5,True,265.81950043328106,4071.0,19907.0,4071.0,0.0,42998.0,2015.0,10.0,20.0,20.75308511903064,366.70537103932094,9.83986113117963,10,
large,18,2,5,B2_GlobalAstar_Layered,58,6159,5,5,True,194.20989998616278,20118.0,32256.0,30591.0,0.0,32251.0,0.0,10.0,20.0,20.75308511903064,366.70537103932094,9.83986113117963,10,
large,19,2,5,B4_Proposed_LPA_Layered,831,1312,5,5,True,356.27370001748204,5336.0,27139.0,5336.0,0.0,56105.0,2641.0,10.0,20.0,18.518551389050373,326.34629115380557,8.623208734614167,10,
large,19,2,5,B2_GlobalAstar_Layered,831,1312,5,5,True,161.23870015144348,16358.0,26503.0,24966.0,0.0,26498.0,0.0,10.0,20.0,18.518551389050373,326.34629115380557,8.623208734614167,10,
large,20,2,5,B4_Proposed_LPA_Layered,5105,2069,5,5,True,41.557000018656254,666.0,3169.0,666.0,0.0,6875.0,333.0,10.0,20.0,9.21708948220246,160.33404321455305,4.214671296436592,10,
large,20,2,5,B2_GlobalAstar_Layered,5105,2069,5,5,True,67.04630027525127,7223.0,12514.0,10583.0,0.0,12509.0,0.0,10.0,20.0,9.21708948220246,160.33404321455305,4.214671296436592,10,
large,21,2,5,B4_Proposed_LPA_Layered,1895,6351,5,5,True,25.984000181779265,458.0,1987.0,458.0,0.0,4396.0,225.0,10.0,20.0,8.754046830867493,176.61966445297384,4.5694699335892155,10,
large,21,2,5,B2_GlobalAstar_Layered,1895,6351,5,5,True,53.2558998093009,5712.0,9995.0,8271.0,0.0,9990.0,0.0,10.0,20.0,8.754046830867493,176.61966445297384,4.5694699335892155,10,
large,22,2,5,B4_Proposed_LPA_Layered,3132,3230,5,5,True,28.220900101587176,468.0,2060.0,468.0,0.0,4697.0,223.0,10.0,20.0,8.305302258595828,147.9290636412505,3.789601909237516,10,
large,22,2,5,B2_GlobalAstar_Layered,3132,3230,5,5,True,33.168100053444505,3782.0,6234.0,5256.0,0.0,6229.0,0.0,10.0,20.0,8.305302258595828,147.9290636412505,3.789601909237516,10,
large,23,2,5,B4_Proposed_LPA_Layered,5850,6162,5,5,True,15.27899969369173,235.0,1023.0,235.0,0.0,2507.0,105.0,10.0,19.0,9.939352679078658,191.9572775320293,4.787048325960879,10,
large,23,2,5,B2_GlobalAstar_Layered,5850,6162,5,5,True,78.45920021645725,8153.0,13277.0,11640.0,0.0,13272.0,0.0,10.0,19.0,9.939352679078658,191.9572775320293,4.787048325960879,10,
large,24,2,5,B4_Proposed_LPA_Layered,3096,4133,5,5,True,399.6693999506533,5893.0,28604.0,5893.0,0.0,60753.0,2897.0,10.0,20.0,25.408614308219263,516.047830193447,12.93098490580341,10,
large,24,2,5,B2_GlobalAstar_Layered,3096,4133,5,5,True,253.89059982262552,24808.0,41199.0,38878.0,0.0,41194.0,0.0,10.0,20.0,25.408614308219263,516.047830193447,12.93098490580341,10,
large,25,2,5,B4_Proposed_LPA_Layered,5877,5714,5,5,True,203.26430024579167,3238.0,15071.0,3238.0,0.0,33072.0,1611.0,10.0,20.0,21.072881251037394,398.75697061966684,10.263389118590005,10,
large,25,2,5,B2_GlobalAstar_Layered,5877,5714,5,5,True,198.95830005407333,20920.0,32832.0,31208.0,0.0,32827.0,0.0,10.0,20.0,21.072881251037394,398.75697061966684,10.263389118590005,10,
large,26,2,5,B4_Proposed_LPA_Layered,5530,5771,5,5,True,546.0584999527782,8188.0,40340.0,8188.0,0.0,83305.0,4052.0,10.0,20.0,21.759505310971175,408.80580881689315,10.339944264506794,10,
large,26,2,5,B2_GlobalAstar_Layered,5530,5771,5,5,True,226.23699996620417,23070.0,36415.0,34523.0,0.0,36410.0,0.0,10.0,20.0,21.759505310971175,408.80580881689315,10.339944264506794,10,
large,27,2,5,B4_Proposed_LPA_Layered,3555,521,5,5,True,66.2605999968946,937.0,4675.0,937.0,0.0,10199.0,464.0,10.0,20.0,8.259677265237663,131.90757288011451,3.6970371864034366,10,
large,27,2,5,B2_GlobalAstar_Layered,3555,521,5,5,True,31.921900110319257,3089.0,5512.0,4772.0,0.0,5507.0,0.0,10.0,20.0,8.259677265237663,131.90757288011451,3.6970371864034366,10,
large,28,2,5,B4_Proposed_LPA_Layered,4092,1709,5,5,True,15.269499970600009,236.0,1077.0,236.0,0.0,2411.0,115.0,10.0,19.0,7.858352473283578,129.7592013483952,3.5076360404518563,10,
large,28,2,5,B2_GlobalAstar_Layered,4092,1709,5,5,True,51.76830035634339,4990.0,8824.0,7525.0,0.0,8819.0,0.0,10.0,19.0,7.858352473283578,129.7592013483952,3.5076360404518563,10,
large,29,2,5,B4_Proposed_LPA_Layered,4089,6448,5,5,True,267.70680001936853,4073.0,20542.0,4073.0,0.0,41800.0,1928.0,10.0,20.0,20.577481170435448,395.0529385255349,10.585918155766045,10,
large,29,2,5,B2_GlobalAstar_Layered,4089,6448,5,5,True,221.35799983516335,22127.0,38136.0,35813.0,0.0,38131.0,0.0,10.0,20.0,20.577481170435448,395.0529385255349,10.585918155766045,10,
large,30,2,5,B4_Proposed_LPA_Layered,1405,884,5,5,True,3.7768001202493906,58.0,235.0,58.0,0.0,616.0,22.0,10.0,19.0,4.240341303479559,80.76146611242991,1.9377439833728973,10,
large,30,2,5,B2_GlobalAstar_Layered,1405,884,5,5,True,12.996500125154853,1381.0,2597.0,1860.0,0.0,2592.0,0.0,10.0,19.0,4.240341303479559,80.76146611242991,1.9377439833728973,10,
large,31,2,5,B4_Proposed_LPA_Layered,4006,4395,5,5,True,17.664599930867553,267.0,1142.0,267.0,0.0,2889.0,120.0,10.0,20.0,7.895637267248648,148.01679588656248,3.846623876596875,10,
large,31,2,5,B2_GlobalAstar_Layered,4006,4395,5,5,True,48.87189995497465,5187.0,9141.0,7728.0,0.0,9136.0,0.0,10.0,20.0,7.895637267248648,148.01679588656248,3.846623876596875,10,
large,32,2,5,B4_Proposed_LPA_Layered,4675,1630,5,5,True,41.68400005437434,577.0,2835.0,577.0,0.0,6116.0,269.0,10.0,19.0,13.016856869338488,235.35908497995104,6.134672549398532,10,
large,32,2,5,B2_GlobalAstar_Layered,4675,1630,5,5,True,153.80670013837516,14382.0,23709.0,21483.0,0.0,23704.0,0.0,10.0,19.0,13.016856869338488,235.35908497995104,6.134672549398532,10,
large,33,2,5,B4_Proposed_LPA_Layered,4984,1805,5,5,True,4.142099991440773,58.0,293.0,58.0,0.0,590.0,3.0,10.0,20.0,5.2538392028940155,93.18193689330565,2.4411881067991694,10,
large,33,2,5,B2_GlobalAstar_Layered,4984,1805,5,5,True,21.42529981210828,2233.0,4416.0,3354.0,0.0,4411.0,0.0,10.0,20.0,5.2538392028940155,93.18193689330565,2.4411881067991694,10,
large,34,2,5,B4_Proposed_LPA_Layered,5319,2483,5,5,True,5.359699716791511,85.0,398.0,85.0,0.0,868.0,39.0,10.0,20.0,4.411848347471835,96.99938378528782,2.1985015135586345,10,
large,34,2,5,B2_GlobalAstar_Layered,5319,2483,5,5,True,14.537399634718895,1461.0,2917.0,1990.0,0.0,2912.0,0.0,10.0,20.0,4.411848347471835,96.99938378528782,2.1985015135586345,10,
large,35,2,5,B4_Proposed_LPA_Layered,5436,6642,5,5,True,46.95550003089011,718.0,3456.0,718.0,0.0,7420.0,336.0,10.0,20.0,9.81255110813133,200.6012030710992,5.068416092132978,10,
large,35,2,5,B2_GlobalAstar_Layered,5436,6642,5,5,True,72.15290004387498,7721.0,13301.0,11392.0,0.0,13296.0,0.0,10.0,20.0,9.81255110813133,200.6012030710992,5.068416092132978,10,
large,36,2,5,B4_Proposed_LPA_Layered,3372,5731,5,5,True,53.31039987504482,764.0,4122.0,764.0,0.0,7989.0,348.0,10.0,20.0,9.705561733569734,184.58038381158335,4.9111915143475,10,
large,36,2,5,B2_GlobalAstar_Layered,3372,5731,5,5,True,42.79570025391877,4288.0,7722.0,6507.0,0.0,7717.0,0.0,10.0,20.0,9.705561733569734,184.58038381158335,4.9111915143475,10,
large,37,2,5,B4_Proposed_LPA_Layered,6169,3382,5,5,True,295.71219999343157,4771.0,22259.0,4771.0,0.0,47668.0,2373.0,10.0,19.0,24.816262993216306,445.01923892741854,11.50719716782255,10,
large,37,2,5,B2_GlobalAstar_Layered,6169,3382,5,5,True,206.93699968978763,21482.0,33880.0,32244.0,0.0,33875.0,0.0,10.0,19.0,24.816262993216306,445.01923892741854,11.50719716782255,10,
large,38,2,5,B4_Proposed_LPA_Layered,5381,3276,5,5,True,40.17309984192252,626.0,3002.0,626.0,0.0,6499.0,299.0,10.0,20.0,10.533572426893148,223.74248592260167,5.625944577678053,10,
large,38,2,5,B2_GlobalAstar_Layered,5381,3276,5,5,True,79.0126002393663,8625.0,15191.0,13057.0,0.0,15186.0,0.0,10.0,20.0,10.533572426893148,223.74248592260167,5.625944577678053,10,
large,39,2,5,B4_Proposed_LPA_Layered,4421,3665,5,5,True,4.88380016759038,86.0,249.0,86.0,0.0,907.0,43.0,10.0,20.0,5.764425472424595,112.92928731173102,2.716088619351931,10,
large,39,2,5,B2_GlobalAstar_Layered,4421,3665,5,5,True,24.60070000961423,2665.0,4732.0,3807.0,0.0,4727.0,0.0,10.0,20.0,5.764425472424595,112.92928731173102,2.716088619351931,10,
large,40,2,5,B4_Proposed_LPA_Layered,5779,5819,5,5,True,232.80539992265403,3176.0,17570.0,3176.0,0.0,33711.0,1594.0,10.0,20.0,17.840919811734064,323.24395259471953,8.593348577841589,10,
large,40,2,5,B2_GlobalAstar_Layered,5779,5819,5,5,True,222.8287998586893,21988.0,34070.0,32244.0,0.0,34065.0,0.0,10.0,20.0,17.840919811734064,323.24395259471953,8.593348577841589,10,
large,41,2,5,B4_Proposed_LPA_Layered,6211,6338,5,5,True,0.7971001323312521,14.0,21.0,14.0,0.0,163.0,7.0,10.0,20.0,4.8264807226766155,92.5610148760818,2.3181904462824536,10,
large,41,2,5,B2_GlobalAstar_Layered,6211,6338,5,5,True,18.18959997035563,1885.0,3423.0,2573.0,0.0,3418.0,0.0,10.0,20.0,4.8264807226766155,92.5610148760818,2.3181904462824536,10,
large,42,2,5,B4_Proposed_LPA_Layered,3727,2546,5,5,True,134.18690022081137,2040.0,9867.0,2040.0,0.0,21486.0,1009.0,10.0,20.0,17.8649910357367,335.9468883203983,8.59223664961195,10,
large,42,2,5,B2_GlobalAstar_Layered,3727,2546,5,5,True,136.01529970765114,14790.0,25128.0,23479.0,0.0,25123.0,0.0,10.0,20.0,17.8649910357367,335.9468883203983,8.59223664961195,10,
large,43,2,5,B4_Proposed_LPA_Layered,5221,4688,5,5,True,12.603699928149581,195.0,854.0,195.0,0.0,2050.0,82.0,10.0,19.0,5.544162976863559,107.82852296378537,2.748285688913562,10,
large,43,2,5,B2_GlobalAstar_Layered,5221,4688,5,5,True,21.681099897250533,2217.0,4299.0,3160.0,0.0,4294.0,0.0,10.0,19.0,5.544162976863559,107.82852296378537,2.748285688913562,10,
large,44,2,5,B4_Proposed_LPA_Layered,3632,5768,5,5,True,179.66209980659187,2953.0,13250.0,2953.0,0.0,29597.0,1453.0,10.0,20.0,16.9657947094321,304.50963844630667,8.0430791533892,10,
large,44,2,5,B2_GlobalAstar_Layered,3632,5768,5,5,True,132.8895001206547,14474.0,23663.0,22265.0,0.0,23658.0,0.0,10.0,20.0,16.9657947094321,304.50963844630667,8.0430791533892,10,
large,45,2,5,B4_Proposed_LPA_Layered,333,1143,5,5,True,31.72340034507215,462.0,2451.0,462.0,0.0,5042.0,226.0,10.0,20.0,6.817363473507115,104.46247318794431,2.891324195638329,10,
large,45,2,5,B2_GlobalAstar_Layered,333,1143,5,5,True,30.918100150302052,3433.0,6052.0,5041.0,0.0,6047.0,0.0,10.0,20.0,6.817363473507115,104.46247318794431,2.891324195638329,10,
large,46,2,5,B4_Proposed_LPA_Layered,2113,824,5,5,True,176.82399996556342,2567.0,12865.0,2567.0,0.0,27471.0,1255.0,10.0,20.0,21.232040428398516,427.5433638429013,10.51546091528704,10,
large,46,2,5,B2_GlobalAstar_Layered,2113,824,5,5,True,265.49420040100813,24901.0,40652.0,38983.0,0.0,40647.0,0.0,10.0,20.0,21.232040428398516,427.5433638429013,10.51546091528704,10,
large,47,2,5,B4_Proposed_LPA_Layered,1701,4611,5,5,True,345.9065998904407,5097.0,26022.0,5097.0,0.0,53154.0,2546.0,10.0,20.0,21.068292876589524,393.9376070525627,10.180548211576884,10,
large,47,2,5,B2_GlobalAstar_Layered,1701,4611,5,5,True,256.45730015821755,24852.0,39042.0,37721.0,0.0,39037.0,0.0,10.0,20.0,21.068292876589524,393.9376070525627,10.180548211576884,10,
large,48,2,5,B4_Proposed_LPA_Layered,4047,5607,5,5,True,121.36470014229417,1885.0,9110.0,1885.0,0.0,19097.0,931.0,10.0,19.0,11.87423202308508,214.57658144132049,5.725817443239616,10,
large,48,2,5,B2_GlobalAstar_Layered,4047,5607,5,5,True,112.93949978426099,11594.0,19417.0,17470.0,0.0,19412.0,0.0,10.0,19.0,11.87423202308508,214.57658144132049,5.725817443239616,10,
large,49,2,5,B4_Proposed_LPA_Layered,4477,6580,5,5,True,390.06610005162656,5782.0,30107.0,5782.0,0.0,58125.0,2823.0,10.0,20.0,21.451742094746585,457.43310444345303,11.22252313330359,10,
large,49,2,5,B2_GlobalAstar_Layered,4477,6580,5,5,True,278.6504002287984,26833.0,44727.0,42903.0,0.0,44722.0,0.0,10.0,20.0,21.451742094746585,457.43310444345303,11.22252313330359,10,
large,50,2,5,B4_Proposed_LPA_Layered,3264,3394,5,5,True,281.1385001987219,4015.0,20997.0,4015.0,0.0,42604.0,1954.0,10.0,20.0,26.595093783532548,505.900613631269,13.424778408938066,10,
large,50,2,5,B2_GlobalAstar_Layered,3264,3394,5,5,True,307.957099750638,27753.0,47717.0,45321.0,0.0,47712.0,0.0,10.0,20.0,26.595093783532548,505.900613631269,13.424778408938066,10,
large,1,4,5,B4_Proposed_LPA_Layered,3438,4891,5,5,True,18.904699478298426,323.0,1367.0,323.0,0.0,3192.0,145.0,20.0,40.0,11.166008688172289,191.18455289708237,4.849126586912472,20,
large,1,4,5,B2_GlobalAstar_Layered,3438,4891,5,5,True,41.974299820140004,4538.0,7830.0,7050.0,0.0,7825.0,0.0,20.0,40.0,11.166008688172289,191.18455289708237,4.849126586912472,20,
large,2,4,5,B4_Proposed_LPA_Layered,3840,4630,5,5,True,47.09939984604716,695.0,3211.0,695.0,0.0,7556.0,340.0,20.0,38.0,10.499968731643639,198.25663233465798,5.12008897003974,20,
large,2,4,5,B2_GlobalAstar_Layered,3840,4630,5,5,True,70.99230005405843,7053.0,12155.0,10954.0,0.0,12150.0,0.0,20.0,38.0,10.499968731643639,198.25663233465798,5.12008897003974,20,
large,3,4,5,B4_Proposed_LPA_Layered,2301,3454,5,5,True,246.66870012879372,3588.0,17980.0,3588.0,0.0,38123.0,1755.0,20.0,38.0,16.909885328738618,305.5535165743984,8.102325497231949,20,
large,3,4,5,B2_GlobalAstar_Layered,2301,3454,5,5,True,203.33579974249005,20672.0,31451.0,29589.0,0.0,31446.0,0.0,20.0,38.0,16.909885328738618,305.5535165743984,8.102325497231949,20,
large,4,4,5,B4_Proposed_LPA_Layered,4594,3728,5,5,True,19.921099999919534,301.0,1299.0,301.0,0.0,3260.0,148.0,20.0,37.0,6.906777809318822,128.89551645189488,3.120105493556846,20,
large,4,4,5,B2_GlobalAstar_Layered,4594,3728,5,5,True,34.91100016981363,3680.0,6067.0,5105.0,0.0,6062.0,0.0,20.0,37.0,6.906777809318822,128.89551645189488,3.120105493556846,20,
large,5,4,5,B4_Proposed_LPA_Layered,1577,1762,5,5,True,111.82490037754178,1764.0,8159.0,1764.0,0.0,17997.0,859.0,20.0,40.0,21.098305071371037,368.069499888447,9.836684996653412,20,
large,5,4,5,B2_GlobalAstar_Layered,1577,1762,5,5,True,294.36319996602833,29176.0,45146.0,43727.0,0.0,45141.0,0.0,20.0,40.0,21.098305071371037,368.069499888447,9.836684996653412,20,
large,6,4,5,B4_Proposed_LPA_Layered,3424,3192,5,5,True,435.5735999997705,6436.0,32225.0,6436.0,0.0,67856.0,3195.0,20.0,40.0,24.013780678070688,405.686488811692,10.728524664350758,20,
large,6,4,5,B2_GlobalAstar_Layered,3424,3192,5,5,True,264.1628000419587,26669.0,42834.0,40957.0,0.0,42829.0,0.0,20.0,40.0,24.013780678070688,405.686488811692,10.728524664350758,20,
large,7,4,5,B4_Proposed_LPA_Layered,1881,5900,5,5,True,1.8817996606230736,30.0,122.0,30.0,0.0,345.0,15.0,20.0,39.0,8.314026017218504,175.7076792338115,4.127570377014345,20,
large,7,4,5,B2_GlobalAstar_Layered,1881,5900,5,5,True,38.42959995381534,4250.0,6971.0,5901.0,0.0,6966.0,0.0,20.0,39.0,8.314026017218504,175.7076792338115,4.127570377014345,20,
large,8,4,5,B4_Proposed_LPA_Layered,5334,3142,5,5,True,26.542999781668186,404.0,1860.0,404.0,0.0,4304.0,190.0,20.0,39.0,9.33470475838241,168.11427568937012,4.684748270681103,20,
large,8,4,5,B2_GlobalAstar_Layered,5334,3142,5,5,True,65.60489977709949,6988.0,12431.0,10553.0,0.0,12426.0,0.0,20.0,39.0,9.33470475838241,168.11427568937012,4.684748270681103,20,
large,9,4,5,B4_Proposed_LPA_Layered,5604,5129,5,5,True,0.26900041848421097,5.0,15.0,5.0,0.0,89.0,3.0,20.0,39.0,5.37564494550959,110.22202015742309,2.840670604722693,20,
large,9,4,5,B2_GlobalAstar_Layered,5604,5129,5,5,True,20.476099802181125,2114.0,4086.0,3005.0,0.0,4081.0,0.0,20.0,39.0,5.37564494550959,110.22202015742309,2.840670604722693,20,
large,10,4,5,B4_Proposed_LPA_Layered,2595,2503,5,5,True,93.07310008443892,1445.0,7123.0,1445.0,0.0,15209.0,719.0,20.0,40.0,11.088417970061704,187.30488671101452,5.098766601330436,20,
large,10,4,5,B2_GlobalAstar_Layered,2595,2503,5,5,True,92.12610009126365,9763.0,15736.0,14056.0,0.0,15731.0,0.0,20.0,40.0,11.088417970061704,187.30488671101452,5.098766601330436,20,
large,11,4,5,B4_Proposed_LPA_Layered,3728,5942,5,5,True,51.631599897518754,856.0,3566.0,856.0,0.0,8568.0,413.0,20.0,40.0,23.483610930041433,456.44663125559055,12.099918937667718,20,
large,11,4,5,B2_GlobalAstar_Layered,3728,5942,5,5,True,246.0430997889489,23388.0,40652.0,38493.0,0.0,40647.0,0.0,20.0,40.0,23.483610930041433,456.44663125559055,12.099918937667718,20,
large,12,4,5,B4_Proposed_LPA_Layered,527,3015,5,5,True,76.89000014215708,1231.0,5398.0,1231.0,0.0,12777.0,603.0,20.0,39.0,19.292222923909506,335.38876438173645,8.898892931452094,20,
large,12,4,5,B2_GlobalAstar_Layered,527,3015,5,5,True,213.006200036034,21298.0,34039.0,32244.0,0.0,34034.0,0.0,20.0,39.0,19.292222923909506,335.38876438173645,8.898892931452094,20,
large,13,4,5,B4_Proposed_LPA_Layered,407,2494,5,5,True,231.10980005003512,3396.0,16811.0,3396.0,0.0,36053.0,1684.0,20.0,39.0,16.109189772386117,275.83365485633124,7.206319645689935,20,
large,13,4,5,B2_GlobalAstar_Layered,407,2494,5,5,True,162.89940010756254,16563.0,26595.0,25006.0,0.0,26590.0,0.0,20.0,39.0,16.109189772386117,275.83365485633124,7.206319645689935,20,
large,14,4,5,B4_Proposed_LPA_Layered,5583,5456,5,5,True,4.8906998708844185,78.0,303.0,78.0,0.0,873.0,39.0,20.0,35.0,4.868391210609562,91.21934163045296,2.469040248913589,20,
large,14,4,5,B2_GlobalAstar_Layered,5583,5456,5,5,True,18.591899890452623,1960.0,3537.0,2683.0,0.0,3532.0,0.0,20.0,35.0,4.868391210609562,91.21934163045296,2.469040248913589,20,
large,15,4,5,B4_Proposed_LPA_Layered,2415,1442,5,5,True,48.19900030270219,701.0,3658.0,701.0,0.0,7067.0,303.0,20.0,38.0,8.807950729192918,163.96553091711056,4.226595927513317,20,
large,15,4,5,B2_GlobalAstar_Layered,2415,1442,5,5,True,52.52159992232919,5251.0,9409.0,7694.0,0.0,9404.0,0.0,20.0,38.0,8.807950729192918,163.96553091711056,4.226595927513317,20,
large,16,4,5,B4_Proposed_LPA_Layered,5383,3757,5,5,True,67.03519984148443,936.0,4826.0,936.0,0.0,10050.0,455.0,20.0,39.0,12.143869685178627,204.42093234976463,5.540217970492938,20,
large,16,4,5,B2_GlobalAstar_Layered,5383,3757,5,5,True,121.32410006597638,12251.0,20036.0,17683.0,0.0,20031.0,0.0,20.0,39.0,12.143869685178627,204.42093234976463,5.540217970492938,20,
large,17,4,5,B4_Proposed_LPA_Layered,1458,6323,5,5,True,47.49829997308552,694.0,3458.0,694.0,0.0,7413.0,334.0,20.0,38.0,11.792485317577748,212.81682509111133,5.429004752733339,20,
large,17,4,5,B2_GlobalAstar_Layered,1458,6323,5,5,True,103.89160015620291,10728.0,17538.0,15766.0,0.0,17533.0,0.0,20.0,38.0,11.792485317577748,212.81682509111133,5.429004752733339,20,
large,18,4,5,B4_Proposed_LPA_Layered,3900,5241,5,5,True,162.55729994736612,2610.0,11874.0,2610.0,0.0,26329.0,1302.0,20.0,39.0,23.198558087143248,425.0263644187919,11.385160932563753,20,
large,18,4,5,B2_GlobalAstar_Layered,3900,5241,5,5,True,255.43959997594357,24927.0,41278.0,39296.0,0.0,41273.0,0.0,20.0,39.0,23.198558087143248,425.0263644187919,11.385160932563753,20,
large,19,4,5,B4_Proposed_LPA_Layered,2050,4367,5,5,True,1.6942003276199102,35.0,97.0,35.0,0.0,331.0,15.0,20.0,38.0,8.382819520813701,146.282145692077,3.6358243707623092,20,
large,19,4,5,B2_GlobalAstar_Layered,2050,4367,5,5,True,28.678199974820018,3185.0,5326.0,4480.0,0.0,5321.0,0.0,20.0,38.0,8.382819520813701,146.282145692077,3.6358243707623092,20,
large,20,4,5,B4_Proposed_LPA_Layered,2763,1096,5,5,True,176.8934002611786,2705.0,13026.0,2705.0,0.0,27507.0,1333.0,20.0,40.0,13.674012184486049,270.98894855003704,6.803728456501109,20,
large,20,4,5,B2_GlobalAstar_Layered,2763,1096,5,5,True,132.12659978307784,13188.0,21546.0,19809.0,0.0,21541.0,0.0,20.0,40.0,13.674012184486049,270.98894855003704,6.803728456501109,20,
large,21,4,5,B4_Proposed_LPA_Layered,5219,1323,5,5,True,0.8841000963002443,16.0,20.0,16.0,0.0,212.0,8.0,20.0,37.0,5.304782031587854,99.34103762300919,2.550991128690276,20,
large,21,4,5,B2_GlobalAstar_Layered,5219,1323,5,5,True,21.62969997152686,2185.0,4270.0,3138.0,0.0,4265.0,0.0,20.0,37.0,5.304782031587854,99.34103762300919,2.550991128690276,20,
large,22,4,5,B4_Proposed_LPA_Layered,3639,1681,5,5,True,49.07809989526868,746.0,3347.0,746.0,0.0,7932.0,370.0,20.0,40.0,11.16209358849757,204.96729200296232,5.368448760088872,20,
large,22,4,5,B2_GlobalAstar_Layered,3639,1681,5,5,True,82.90049992501736,8185.0,14324.0,12706.0,0.0,14319.0,0.0,20.0,40.0,11.16209358849757,204.96729200296232,5.368448760088872,20,
large,23,4,5,B4_Proposed_LPA_Layered,867,6018,5,5,True,231.28490010276437,3367.0,16843.0,3367.0,0.0,35485.0,1667.0,20.0,40.0,14.250722683206288,264.5487090088943,6.858951270266828,20,
large,23,4,5,B2_GlobalAstar_Layered,867,6018,5,5,True,167.35500004142523,16444.0,27173.0,24750.0,0.0,27168.0,0.0,20.0,40.0,14.250722683206288,264.5487090088943,6.858951270266828,20,
large,24,4,5,B4_Proposed_LPA_Layered,121,2768,5,5,True,199.9443001113832,3030.0,14320.0,3030.0,0.0,31919.0,1515.0,20.0,38.0,21.359903885005867,402.14052958793184,10.292865887637953,20,
large,24,4,5,B2_GlobalAstar_Layered,121,2768,5,5,True,217.8025001194328,22484.0,37396.0,35359.0,0.0,37391.0,0.0,20.0,38.0,21.359903885005867,402.14052958793184,10.292865887637953,20,
large,25,4,5,B4_Proposed_LPA_Layered,6680,2128,5,5,True,27.64820004813373,430.0,1974.0,430.0,0.0,4527.0,208.0,20.0,38.0,13.367164287636534,267.4236433706367,6.7114693011191005,20,
large,25,4,5,B2_GlobalAstar_Layered,6680,2128,5,5,True,83.36929976940155,8792.0,15460.0,14056.0,0.0,15455.0,0.0,20.0,38.0,13.367164287636534,267.4236433706367,6.7114693011191005,20,
large,26,4,5,B4_Proposed_LPA_Layered,3220,6282,5,5,True,202.77610002085567,3135.0,15118.0,3135.0,0.0,32231.0,1558.0,20.0,40.0,20.63639070244485,377.9233345558888,9.769210036676663,20,
large,26,4,5,B2_GlobalAstar_Layered,3220,6282,5,5,True,165.89539987035096,17250.0,26783.0,25266.0,0.0,26778.0,0.0,20.0,40.0,20.63639070244485,377.9233345558888,9.769210036676663,20,
large,27,4,5,B4_Proposed_LPA_Layered,1070,3529,5,5,True,31.46840026602149,492.0,2133.0,492.0,0.0,5277.0,246.0,20.0,36.0,11.026463480064065,200.96159833501295,5.424677950050388,20,
large,27,4,5,B2_GlobalAstar_Layered,1070,3529,5,5,True,76.45799964666367,7823.0,12857.0,11663.0,0.0,12852.0,0.0,20.0,36.0,11.026463480064065,200.96159833501295,5.424677950050388,20,
large,28,4,5,B4_Proposed_LPA_Layered,2264,4431,5,5,True,66.26750016584992,998.0,4742.0,998.0,0.0,10137.0,467.0,20.0,37.0,17.019040704282133,334.60435557327344,8.582830667198198,20,
large,28,4,5,B2_GlobalAstar_Layered,2264,4431,5,5,True,233.34709997288883,22533.0,36011.0,33680.0,0.0,36006.0,0.0,20.0,37.0,17.019040704282133,334.60435557327344,8.582830667198198,20,
large,29,4,5,B4_Proposed_LPA_Layered,696,3459,5,5,True,13.700600247830153,211.0,830.0,211.0,0.0,2324.0,98.0,20.0,39.0,9.6815155586928,179.11205560982174,4.581031668294653,20,
large,29,4,5,B2_GlobalAstar_Layered,696,3459,5,5,True,71.95309991948307,6490.0,10564.0,9331.0,0.0,10559.0,0.0,20.0,39.0,9.6815155586928,179.11205560982174,4.581031668294653,20,
large,30,4,5,B4_Proposed_LPA_Layered,3815,531,5,5,True,11.125400196760893,168.0,717.0,168.0,0.0,1908.0,81.0,20.0,40.0,9.7721697821827,148.857942696523,4.040908280895691,20,
large,30,4,5,B2_GlobalAstar_Layered,3815,531,5,5,True,63.607800053432584,6704.0,11305.0,10000.0,0.0,11300.0,0.0,20.0,40.0,9.7721697821827,148.857942696523,4.040908280895691,20,
large,31,4,5,B4_Proposed_LPA_Layered,4454,4835,5,5,True,82.68740004859865,1275.0,6116.0,1275.0,0.0,13055.0,626.0,20.0,38.0,11.378575595811736,206.3634597288429,5.339773791865287,20,
large,31,4,5,B2_GlobalAstar_Layered,4454,4835,5,5,True,106.892199954018,10807.0,17873.0,15465.0,0.0,17868.0,0.0,20.0,38.0,11.378575595811736,206.3634597288429,5.339773791865287,20,
large,32,4,5,B4_Proposed_LPA_Layered,331,518,5,5,True,15.501099871471524,217.0,1118.0,217.0,0.0,2415.0,102.0,20.0,39.0,5.94059745019873,96.63526254873761,2.5389078764621287,20,
large,32,4,5,B2_GlobalAstar_Layered,331,518,5,5,True,22.91399985551834,2447.0,4378.0,3527.0,0.0,4373.0,0.0,20.0,39.0,5.94059745019873,96.63526254873761,2.5389078764621287,20,
large,33,4,5,B4_Proposed_LPA_Layered,1980,4542,5,5,True,17.61959958821535,251.0,1297.0,251.0,0.0,2751.0,124.0,20.0,39.0,6.642133266855731,124.47648998526499,3.349154699557949,20,
large,33,4,5,B2_GlobalAstar_Layered,1980,4542,5,5,True,30.900099780410528,3257.0,5729.0,4577.0,0.0,5724.0,0.0,20.0,39.0,6.642133266855731,124.47648998526499,3.349154699557949,20,
large,34,4,5,B4_Proposed_LPA_Layered,4014,497,5,5,True,62.95670010149479,913.0,4361.0,913.0,0.0,9922.0,452.0,20.0,40.0,16.56263853734762,278.27617976983805,7.5133253930951405,20,
large,34,4,5,B2_GlobalAstar_Layered,4014,497,5,5,True,142.39279995672405,14088.0,22666.0,21334.0,0.0,22661.0,0.0,20.0,40.0,16.56263853734762,278.27617976983805,7.5133253930951405,20,
large,35,4,5,B4_Proposed_LPA_Layered,5473,282,5,5,True,24.906599894165993,383.0,1382.0,383.0,0.0,4122.0,183.0,20.0,40.0,16.44177349767689,330.9041717446233,8.301305152338703,20,
large,35,4,5,B2_GlobalAstar_Layered,5473,282,5,5,True,139.1583001241088,13520.0,22608.0,20495.0,0.0,22603.0,0.0,20.0,40.0,16.44177349767689,330.9041717446233,8.301305152338703,20,
large,36,4,5,B4_Proposed_LPA_Layered,5391,4196,5,5,True,44.973500072956085,696.0,3110.0,696.0,0.0,7254.0,328.0,20.0,37.0,11.883517722276878,247.7606210636912,6.073068631910736,20,
large,36,4,5,B2_GlobalAstar_Layered,5391,4196,5,5,True,103.81760029122233,11114.0,18775.0,16536.0,0.0,18770.0,0.0,20.0,37.0,11.883517722276878,247.7606210636912,6.073068631910736,20,
large,37,4,5,B4_Proposed_LPA_Layered,5632,4336,5,5,True,23.218800080940127,337.0,1440.0,337.0,0.0,3456.0,93.0,20.0,39.0,11.086169930542562,220.73117510976292,5.635565253292887,20,
large,37,4,5,B2_GlobalAstar_Layered,5632,4336,5,5,True,94.54970038495958,9307.0,16240.0,14077.0,0.0,16235.0,0.0,20.0,39.0,11.086169930542562,220.73117510976292,5.635565253292887,20,
large,38,4,5,B4_Proposed_LPA_Layered,59,372,5,5,True,96.93829994648695,1457.0,7172.0,1457.0,0.0,15445.0,717.0,20.0,37.0,15.773073581376032,275.88578058464725,7.0211934175394175,20,
large,38,4,5,B2_GlobalAstar_Layered,59,372,5,5,True,108.81140013225377,11554.0,18736.0,17144.0,0.0,18731.0,0.0,20.0,37.0,15.773073581376032,275.88578058464725,7.0211934175394175,20,
large,39,4,5,B4_Proposed_LPA_Layered,2292,439,5,5,True,296.2804001290351,4314.0,21468.0,4314.0,0.0,44529.0,2101.0,20.0,39.0,14.802949727775998,240.65471603547755,6.618411481064326,20,
large,39,4,5,B2_GlobalAstar_Layered,2292,439,5,5,True,132.56869954057038,13308.0,20741.0,18990.0,0.0,20736.0,0.0,20.0,39.0,14.802949727775998,240.65471603547755,6.618411481064326,20,
large,40,4,5,B4_Proposed_LPA_Layered,2698,3779,5,5,True,86.56540000811219,1290.0,5843.0,1290.0,0.0,13249.0,574.0,20.0,40.0,20.449035167018422,410.8866277237297,10.618458831711887,20,
large,40,4,5,B2_GlobalAstar_Layered,2698,3779,5,5,True,226.8487000837922,22115.0,35713.0,33468.0,0.0,35708.0,0.0,20.0,40.0,20.449035167018422,410.8866277237297,10.618458831711887,20,
large,41,4,5,B4_Proposed_LPA_Layered,1583,5146,5,5,True,27.09070034325123,452.0,1616.0,452.0,0.0,4457.0,200.0,20.0,37.0,14.786589877517695,275.43000440762853,7.175100132228858,20,
large,41,4,5,B2_GlobalAstar_Layered,1583,5146,5,5,True,140.89400018565357,14033.0,23224.0,21181.0,0.0,23219.0,0.0,20.0,37.0,14.786589877517695,275.43000440762853,7.175100132228858,20,
large,42,4,5,B4_Proposed_LPA_Layered,5173,2532,5,5,True,43.57379977591336,664.0,3125.0,664.0,0.0,6837.0,313.0,20.0,39.0,14.414363484030876,251.8837073095881,6.674511219287644,20,
large,42,4,5,B2_GlobalAstar_Layered,5173,2532,5,5,True,155.1982001401484,15229.0,25150.0,22909.0,0.0,25145.0,0.0,20.0,39.0,14.414363484030876,251.8837073095881,6.674511219287644,20,
large,43,4,5,B4_Proposed_LPA_Layered,5688,747,5,5,True,24.812999879941344,355.0,1607.0,355.0,0.0,3773.0,159.0,20.0,40.0,12.542787242554994,216.83281291394346,5.780274387418306,20,
large,43,4,5,B2_GlobalAstar_Layered,5688,747,5,5,True,136.56050013378263,13090.0,22383.0,20098.0,0.0,22378.0,0.0,20.0,40.0,12.542787242554994,216.83281291394346,5.780274387418306,20,
large,44,4,5,B4_Proposed_LPA_Layered,244,4797,5,5,True,68.71069991029799,1034.0,4736.0,1034.0,0.0,10969.0,499.0,20.0,39.0,14.053984843449152,269.71625865505183,6.963997759651554,20,
large,44,4,5,B2_GlobalAstar_Layered,244,4797,5,5,True,98.5619998537004,9545.0,16524.0,15160.0,0.0,16519.0,0.0,20.0,39.0,14.053984843449152,269.71625865505183,6.963997759651554,20,
large,45,4,5,B4_Proposed_LPA_Layered,233,5781,5,5,True,124.67449973337352,1919.0,9187.0,1919.0,0.0,19429.0,930.0,20.0,39.0,17.66637010260078,342.5270020687469,8.610300062062409,20,
large,45,4,5,B2_GlobalAstar_Layered,233,5781,5,5,True,179.70129987224936,17895.0,29689.0,27855.0,0.0,29684.0,0.0,20.0,39.0,17.66637010260078,342.5270020687469,8.610300062062409,20,
large,46,4,5,B4_Proposed_LPA_Layered,1516,5079,5,5,True,279.08789995126426,4029.0,22112.0,4029.0,0.0,41571.0,1992.0,20.0,38.0,14.67568392842364,270.0665293235472,7.311135879706415,20,
large,46,4,5,B2_GlobalAstar_Layered,1516,5079,5,5,True,173.51539968512952,16870.0,27499.0,25170.0,0.0,27494.0,0.0,20.0,38.0,14.67568392842364,270.0665293235472,7.311135879706415,20,
large,47,4,5,B4_Proposed_LPA_Layered,954,3001,5,5,True,106.39229998923838,1571.0,7792.0,1571.0,0.0,16474.0,769.0,20.0,40.0,16.19446435943845,310.86033845834334,8.095420153750302,20,
large,47,4,5,B2_GlobalAstar_Layered,954,3001,5,5,True,149.43340001627803,15117.0,24091.0,22419.0,0.0,24086.0,0.0,20.0,40.0,16.19446435943845,310.86033845834334,8.095420153750302,20,
large,48,4,5,B4_Proposed_LPA_Layered,5862,2890,5,5,True,17.29220012202859,268.0,1240.0,268.0,0.0,2857.0,134.0,20.0,37.0,6.688197331195769,136.8022396780515,3.299977190341546,20,
large,48,4,5,B2_GlobalAstar_Layered,5862,2890,5,5,True,34.37230037525296,3610.0,6734.0,5343.0,0.0,6729.0,0.0,20.0,37.0,6.688197331195769,136.8022396780515,3.299977190341546,20,
large,49,4,5,B4_Proposed_LPA_Layered,6148,1108,5,5,True,125.03329990431666,1810.0,8869.0,1810.0,0.0,19233.0,887.0,20.0,39.0,13.20900806492826,234.29115078980476,5.960044523694144,20,
large,49,4,5,B2_GlobalAstar_Layered,6148,1108,5,5,True,137.85419962368906,13357.0,21552.0,19865.0,0.0,21547.0,0.0,20.0,39.0,13.20900806492826,234.29115078980476,5.960044523694144,20,
large,50,4,5,B4_Proposed_LPA_Layered,4658,6586,5,5,True,129.96730022132397,2006.0,9128.0,2006.0,0.0,20989.0,970.0,20.0,40.0,21.21233519805645,402.02237066245857,10.865561119873757,20,
large,50,4,5,B2_GlobalAstar_Layered,4658,6586,5,5,True,226.19019984267652,23215.0,38019.0,36494.0,0.0,38014.0,0.0,20.0,40.0,21.21233519805645,402.02237066245857,10.865561119873757,20,
large,1,6,5,B4_Proposed_LPA_Layered,5133,3635,5,5,True,97.5343999452889,1446.0,7243.0,1446.0,0.0,15588.0,699.0,30.0,56.0,12.023557322586385,218.73864007958565,5.8300992023875695,30,
large,1,6,5,B2_GlobalAstar_Layered,5133,3635,5,5,True,93.15319987945259,9922.0,16290.0,14611.0,0.0,16285.0,0.0,30.0,56.0,12.023557322586385,218.73864007958565,5.8300992023875695,30,
large,2,6,5,B4_Proposed_LPA_Layered,63,746,5,5,True,12.899599969387054,190.0,877.0,190.0,0.0,2044.0,92.0,30.0,58.0,6.911021223419427,136.65828722436265,3.38532861673088,30,
large,2,6,5,B2_GlobalAstar_Layered,63,746,5,5,True,21.479899995028973,2286.0,4290.0,3447.0,0.0,4285.0,0.0,30.0,58.0,6.911021223419427,136.65828722436265,3.38532861673088,30,
large,3,6,5,B4_Proposed_LPA_Layered,5775,1659,5,5,True,26.265399996191263,432.0,1945.0,432.0,0.0,4351.0,202.0,30.0,55.0,5.862066256315119,96.9426447885559,2.6936593436566767,30,
large,3,6,5,B2_GlobalAstar_Layered,5775,1659,5,5,True,25.520000141113997,2787.0,5109.0,3929.0,0.0,5104.0,0.0,30.0,55.0,5.862066256315119,96.9426447885559,2.6936593436566767,30,
large,4,6,5,B4_Proposed_LPA_Layered,3984,4413,5,5,True,71.36810035444796,1014.0,5178.0,1014.0,0.0,10986.0,466.0,30.0,54.0,10.415616065531205,180.2228876965595,4.7613566308967865,30,
large,4,6,5,B2_GlobalAstar_Layered,3984,4413,5,5,True,80.35519998520613,8301.0,14044.0,12475.0,0.0,14039.0,0.0,30.0,54.0,10.415616065531205,180.2228876965595,4.7613566308967865,30,
large,5,6,5,B4_Proposed_LPA_Layered,496,5035,5,5,True,1.7375999595969915,30.0,57.0,30.0,0.0,369.0,15.0,30.0,55.0,9.642071539654012,195.63588654508214,4.900346596352465,30,
large,5,6,5,B2_GlobalAstar_Layered,496,5035,5,5,True,66.24019984155893,6730.0,11432.0,10027.0,0.0,11427.0,0.0,30.0,55.0,9.642071539654012,195.63588654508214,4.900346596352465,30,
large,6,6,5,B4_Proposed_LPA_Layered,2685,2260,5,5,True,26.651100255548954,416.0,2000.0,416.0,0.0,4236.0,209.0,30.0,54.0,8.71223528503739,162.25538880350095,4.262021664105029,30,
large,6,6,5,B2_GlobalAstar_Layered,2685,2260,5,5,True,47.23619995638728,4892.0,8467.0,7267.0,0.0,8462.0,0.0,30.0,54.0,8.71223528503739,162.25538880350095,4.262021664105029,30,
large,7,6,5,B4_Proposed_LPA_Layered,2995,1072,5,5,True,147.7866000495851,2345.0,11081.0,2345.0,0.0,23252.0,1167.0,30.0,59.0,15.270193394629114,288.0234787900668,7.311824363702009,30,
large,7,6,5,B2_GlobalAstar_Layered,2995,1072,5,5,True,134.21380007639527,13219.0,20620.0,19276.0,0.0,20615.0,0.0,30.0,59.0,15.270193394629114,288.0234787900668,7.311824363702009,30,
large,8,6,5,B4_Proposed_LPA_Layered,4559,5738,5,5,True,83.07939977385104,1239.0,6182.0,1239.0,0.0,12678.0,615.0,30.0,56.0,10.290947815068979,209.6902953959874,5.248478861879624,30,
large,8,6,5,B2_GlobalAstar_Layered,4559,5738,5,5,True,80.95200033858418,8220.0,14011.0,11893.0,0.0,14006.0,0.0,30.0,56.0,10.290947815068979,209.6902953959874,5.248478861879624,30,
large,9,6,5,B4_Proposed_LPA_Layered,4105,5942,5,5,True,181.6712999716401,2781.0,12730.0,2781.0,0.0,28010.0,1339.0,30.0,59.0,14.970431942925545,314.1034033386244,7.90753210015873,30,
large,9,6,5,B2_GlobalAstar_Layered,4105,5942,5,5,True,169.50209974311292,16645.0,28007.0,26122.0,0.0,28002.0,0.0,30.0,59.0,14.970431942925545,314.1034033386244,7.90753210015873,30,
large,10,6,5,B4_Proposed_LPA_Layered,2597,517,5,5,True,157.72420004941523,2341.0,11636.0,2341.0,0.0,24290.0,1157.0,30.0,56.0,16.458607778353105,284.43674582615944,7.534972374784784,30,
large,10,6,5,B2_GlobalAstar_Layered,2597,517,5,5,True,212.0198996271938,20666.0,32983.0,30349.0,0.0,32978.0,0.0,30.0,56.0,16.458607778353105,284.43674582615944,7.534972374784784,30,
large,11,6,5,B4_Proposed_LPA_Layered,4187,5943,5,5,True,241.2296999245882,3840.0,17971.0,3840.0,0.0,39084.0,1913.0,30.0,57.0,20.28600153308588,396.06478365990233,10.409003509797078,30,
large,11,6,5,B2_GlobalAstar_Layered,4187,5943,5,5,True,235.0839003920555,23150.0,39089.0,36956.0,0.0,39084.0,0.0,30.0,57.0,20.28600153308588,396.06478365990233,10.409003509797078,30,
large,12,6,5,B4_Proposed_LPA_Layered,3915,1733,5,5,True,52.137000020593405,802.0,4044.0,802.0,0.0,8232.0,366.0,30.0,56.0,11.315232518896686,223.69213027852726,5.730273908355818,30,
large,12,6,5,B2_GlobalAstar_Layered,3915,1733,5,5,True,79.98380018398166,8345.0,14431.0,13006.0,0.0,14426.0,0.0,30.0,56.0,11.315232518896686,223.69213027852726,5.730273908355818,30,
large,13,6,5,B4_Proposed_LPA_Layered,3557,5247,5,5,True,391.80979994125664,5702.0,31327.0,5702.0,0.0,59213.0,2846.0,30.0,58.0,22.995778526775,446.1526069565436,11.607348208696312,30,
large,13,6,5,B2_GlobalAstar_Layered,3557,5247,5,5,True,205.00149973668158,20222.0,34252.0,32434.0,0.0,34247.0,0.0,30.0,58.0,22.995778526775,446.1526069565436,11.607348208696312,30,
large,14,6,5,B4_Proposed_LPA_Layered,485,3941,5,5,True,151.44600020721555,2184.0,11216.0,2184.0,0.0,23593.0,1088.0,30.0,60.0,15.111199071823162,256.79225582984736,6.742387674895419,30,
large,14,6,5,B2_GlobalAstar_Layered,485,3941,5,5,True,95.53479985333979,9436.0,15543.0,14385.0,0.0,15538.0,0.0,30.0,60.0,15.111199071823162,256.79225582984736,6.742387674895419,30,
large,15,6,5,B4_Proposed_LPA_Layered,437,6742,5,5,True,533.6579999420792,8167.0,41057.0,8167.0,0.0,83863.0,4045.0,30.0,58.0,24.203413410237502,474.9475616253243,12.57997684875972,30,
large,15,6,5,B2_GlobalAstar_Layered,437,6742,5,5,True,268.83859978988767,28348.0,46802.0,44631.0,0.0,46797.0,0.0,30.0,58.0,24.203413410237502,474.9475616253243,12.57997684875972,30,
large,16,6,5,B4_Proposed_LPA_Layered,5982,1065,5,5,True,133.47180024720728,2052.0,9911.0,2052.0,0.0,20890.0,997.0,30.0,57.0,20.81606656103921,406.0586966134372,10.588280898403116,30,
large,16,6,5,B2_GlobalAstar_Layered,5982,1065,5,5,True,274.1166998166591,25495.0,41964.0,39791.0,0.0,41959.0,0.0,30.0,57.0,20.81606656103921,406.0586966134372,10.588280898403116,30,
large,17,6,5,B4_Proposed_LPA_Layered,5743,3715,5,5,True,86.38079999946058,1267.0,6138.0,1267.0,0.0,13658.0,617.0,30.0,56.0,15.529438977609182,276.47145331000894,7.293073599300269,30,
large,17,6,5,B2_GlobalAstar_Layered,5743,3715,5,5,True,197.52899976447225,19239.0,30706.0,28738.0,0.0,30701.0,0.0,30.0,56.0,15.529438977609182,276.47145331000894,7.293073599300269,30,
large,18,6,5,B4_Proposed_LPA_Layered,3926,5572,5,5,True,61.11709983088076,943.0,4602.0,943.0,0.0,9720.0,450.0,30.0,56.0,13.546408825729724,255.92460615042532,6.822198184512761,30,
large,18,6,5,B2_GlobalAstar_Layered,3926,5572,5,5,True,123.97300032898784,12945.0,22359.0,20197.0,0.0,22354.0,0.0,30.0,56.0,13.546408825729724,255.92460615042532,6.822198184512761,30,
large,19,6,5,B4_Proposed_LPA_Layered,2966,5749,5,5,True,1.0691999923437834,20.0,32.0,20.0,0.0,276.0,10.0,30.0,56.0,4.328746741834238,74.77178276026898,2.140253482808069,30,
large,19,6,5,B2_GlobalAstar_Layered,2966,5749,5,5,True,13.479300308972597,1405.0,2614.0,1809.0,0.0,2609.0,0.0,30.0,56.0,4.328746741834238,74.77178276026898,2.140253482808069,30,
large,20,6,5,B4_Proposed_LPA_Layered,4708,2767,5,5,True,35.58979998342693,533.0,2541.0,533.0,0.0,5599.0,253.0,30.0,60.0,13.675448441502597,284.1153882783948,7.013771648351844,30,
large,20,6,5,B2_GlobalAstar_Layered,4708,2767,5,5,True,129.9634997267276,13216.0,22776.0,20457.0,0.0,22771.0,0.0,30.0,60.0,13.675448441502597,284.1153882783948,7.013771648351844,30,
large,21,6,5,B4_Proposed_LPA_Layered,496,3036,5,5,True,93.40999973937869,1408.0,6337.0,1408.0,0.0,14767.0,643.0,30.0,57.0,23.452709513490678,452.69502805685914,11.910930841705781,30,
large,21,6,5,B2_GlobalAstar_Layered,496,3036,5,5,True,272.6666999515146,27640.0,45545.0,43460.0,0.0,45540.0,0.0,30.0,57.0,23.452709513490678,452.69502805685914,11.910930841705781,30,
large,22,6,5,B4_Proposed_LPA_Layered,3805,6392,5,5,True,115.31430017203093,1772.0,8683.0,1772.0,0.0,18716.0,850.0,30.0,57.0,21.124889245779915,396.812348832479,10.773940464974366,30,
large,22,6,5,B2_GlobalAstar_Layered,3805,6392,5,5,True,236.61319981329143,24174.0,40144.0,37985.0,0.0,40139.0,0.0,30.0,57.0,21.124889245779915,396.812348832479,10.773940464974366,30,
large,23,6,5,B4_Proposed_LPA_Layered,3778,4083,5,5,True,180.6876000482589,2681.0,13189.0,2681.0,0.0,28814.0,1336.0,30.0,57.0,19.079133931635596,302.4550197343355,8.346000592030066,30,
large,23,6,5,B2_GlobalAstar_Layered,3778,4083,5,5,True,182.7488001435995,18132.0,28723.0,27038.0,0.0,28718.0,0.0,30.0,57.0,19.079133931635596,302.4550197343355,8.346000592030066,30,
large,24,6,5,B4_Proposed_LPA_Layered,89,219,5,5,True,5.6447002571076155,87.0,344.0,87.0,0.0,983.0,44.0,30.0,58.0,6.383442365016508,114.95699227956113,2.969489768386833,30,
large,24,6,5,B2_GlobalAstar_Layered,89,219,5,5,True,19.407100277021527,2032.0,3548.0,2821.0,0.0,3543.0,0.0,30.0,58.0,6.383442365016508,114.95699227956113,2.969489768386833,30,
large,25,6,5,B4_Proposed_LPA_Layered,4824,6213,5,5,True,43.803500244393945,671.0,3180.0,671.0,0.0,7212.0,331.0,30.0,57.0,10.370653813937814,178.5502691582316,5.0110580747469475,30,
large,25,6,5,B2_GlobalAstar_Layered,4824,6213,5,5,True,75.68539981730282,8096.0,13475.0,11960.0,0.0,13470.0,0.0,30.0,57.0,10.370653813937814,178.5502691582316,5.0110580747469475,30,
large,26,6,5,B4_Proposed_LPA_Layered,2986,4470,5,5,True,48.91960020177066,803.0,3423.0,803.0,0.0,8046.0,344.0,30.0,58.0,17.805048802339495,374.34906870701155,9.248912061210346,30,
large,26,6,5,B2_GlobalAstar_Layered,2986,4470,5,5,True,148.7942999228835,15560.0,25828.0,24042.0,0.0,25823.0,0.0,30.0,58.0,17.805048802339495,374.34906870701155,9.248912061210346,30,
large,27,6,5,B4_Proposed_LPA_Layered,1746,3220,5,5,True,90.4140998609364,1350.0,5767.0,1350.0,0.0,13780.0,640.0,30.0,57.0,17.069988052170885,364.5215434724441,8.84971630417332,30,
large,27,6,5,B2_GlobalAstar_Layered,1746,3220,5,5,True,206.24760002829134,20829.0,33437.0,31290.0,0.0,33432.0,0.0,30.0,57.0,17.069988052170885,364.5215434724441,8.84971630417332,30,
large,28,6,5,B4_Proposed_LPA_Layered,2211,3365,5,5,True,59.01909992098808,864.0,4364.0,864.0,0.0,9042.0,391.0,30.0,59.0,9.314905702869996,163.11159111314967,4.28623773339449,30,
large,28,6,5,B2_GlobalAstar_Layered,2211,3365,5,5,True,66.68929988518357,7091.0,12127.0,10369.0,0.0,12122.0,0.0,30.0,59.0,9.314905702869996,163.11159111314967,4.28623773339449,30,
large,29,6,5,B4_Proposed_LPA_Layered,2064,6245,5,5,True,31.36649983935058,512.0,2490.0,512.0,0.0,5136.0,257.0,30.0,60.0,6.770924898931437,140.07370699404635,3.25847120982139,30,
large,29,6,5,B2_GlobalAstar_Layered,2064,6245,5,5,True,32.49549958854914,3454.0,6060.0,4751.0,0.0,6055.0,0.0,30.0,60.0,6.770924898931437,140.07370699404635,3.25847120982139,30,
large,30,6,5,B4_Proposed_LPA_Layered,3807,4770,5,5,True,213.56319985352457,3087.0,15380.0,3087.0,0.0,33350.0,1513.0,30.0,57.0,15.891539114245218,286.1358287810791,7.613874863432375,30,
large,30,6,5,B2_GlobalAstar_Layered,3807,4770,5,5,True,152.71739987656474,15743.0,25546.0,23824.0,0.0,25541.0,0.0,30.0,57.0,15.891539114245218,286.1358287810791,7.613874863432375,30,
large,31,6,5,B4_Proposed_LPA_Layered,812,98,5,5,True,104.47400016710162,1479.0,8281.0,1479.0,0.0,16077.0,728.0,30.0,56.0,8.807372586163744,157.2952028098799,4.147026084296398,30,
large,31,6,5,B2_GlobalAstar_Layered,812,98,5,5,True,50.22249976173043,5613.0,9364.0,8096.0,0.0,9359.0,0.0,30.0,56.0,8.807372586163744,157.2952028098799,4.147026084296398,30,
large,32,6,5,B4_Proposed_LPA_Layered,1952,3688,5,5,True,122.93339986354113,1763.0,9044.0,1763.0,0.0,18665.0,849.0,30.0,58.0,12.482368845060948,218.12120498852252,5.889486149655673,30,
large,32,6,5,B2_GlobalAstar_Layered,1952,3688,5,5,True,122.17999971471727,12398.0,20007.0,18022.0,0.0,20002.0,0.0,30.0,58.0,12.482368845060948,218.12120498852252,5.889486149655673,30,
large,33,6,5,B4_Proposed_LPA_Layered,6358,3421,5,5,True,235.15949957072735,3512.0,17433.0,3512.0,0.0,37412.0,1747.0,30.0,59.0,23.120215347269074,443.0692552505906,11.476627657517717,30,
large,33,6,5,B2_GlobalAstar_Layered,6358,3421,5,5,True,289.4599996507168,28194.0,45888.0,43811.0,0.0,45883.0,0.0,30.0,59.0,23.120215347269074,443.0692552505906,11.476627657517717,30,
large,34,6,5,B4_Proposed_LPA_Layered,1586,3564,5,5,True,207.65809970907867,2983.0,14731.0,2983.0,0.0,31979.0,1474.0,30.0,59.0,23.558981937975577,411.6712060634726,11.102106181904178,30,
large,34,6,5,B2_GlobalAstar_Layered,1586,3564,5,5,True,262.6637006178498,24988.0,39906.0,38243.0,0.0,39901.0,0.0,30.0,59.0,23.558981937975577,411.6712060634726,11.102106181904178,30,
large,35,6,5,B4_Proposed_LPA_Layered,4542,3299,5,5,True,162.370300386101,2427.0,11174.0,2427.0,0.0,25458.0,1197.0,30.0,56.0,17.662816099716434,331.7508410851353,8.76623523255406,30,
large,35,6,5,B2_GlobalAstar_Layered,4542,3299,5,5,True,167.01179975643754,17101.0,28450.0,26521.0,0.0,28445.0,0.0,30.0,56.0,17.662816099716434,331.7508410851353,8.76623523255406,30,
large,36,6,5,B4_Proposed_LPA_Layered,6608,1365,5,5,True,151.51260001584888,2310.0,11280.0,2310.0,0.0,23614.0,1150.0,30.0,56.0,15.797634741249215,316.2372388320636,7.974487164961908,30,
large,36,6,5,B2_GlobalAstar_Layered,6608,1365,5,5,True,149.23229976557195,14292.0,23703.0,21664.0,0.0,23698.0,0.0,30.0,56.0,15.797634741249215,316.2372388320636,7.974487164961908,30,
large,37,6,5,B4_Proposed_LPA_Layered,3438,6396,5,5,True,127.97600007615983,2094.0,9506.0,2094.0,0.0,21237.0,1046.0,30.0,57.0,22.481134675378218,403.91158697697597,10.688507609309282,30,
large,37,6,5,B2_GlobalAstar_Layered,3438,6396,5,5,True,167.59809968061745,17370.0,27992.0,26538.0,0.0,27987.0,0.0,30.0,57.0,22.481134675378218,403.91158697697597,10.688507609309282,30,
large,38,6,5,B4_Proposed_LPA_Layered,6631,5984,5,5,True,1.3601998798549175,23.0,73.0,23.0,0.0,303.0,12.0,30.0,57.0,5.185773746013024,103.52826453594473,2.6839579360783414,30,
large,38,6,5,B2_GlobalAstar_Layered,6631,5984,5,5,True,12.07890035584569,1231.0,2377.0,1823.0,0.0,2372.0,0.0,30.0,57.0,5.185773746013024,103.52826453594473,2.6839579360783414,30,
large,39,6,5,B4_Proposed_LPA_Layered,6269,5104,5,5,True,0.8620996959507465,14.0,23.0,14.0,0.0,207.0,7.0,30.0,57.0,8.99277399593642,158.86257697070522,4.274897309121158,30,
large,39,6,5,B2_GlobalAstar_Layered,6269,5104,5,5,True,62.10900004953146,6365.0,10722.0,9167.0,0.0,10717.0,0.0,30.0,57.0,8.99277399593642,158.86257697070522,4.274897309121158,30,
large,40,6,5,B4_Proposed_LPA_Layered,1979,6459,5,5,True,628.1491001136601,9848.0,48173.0,9848.0,0.0,97917.0,4880.0,30.0,60.0,20.67244382979852,418.85248287696504,10.526684486308952,30,
large,40,6,5,B2_GlobalAstar_Layered,1979,6459,5,5,True,258.3467001095414,26376.0,41651.0,39653.0,0.0,41646.0,0.0,30.0,60.0,20.67244382979852,418.85248287696504,10.526684486308952,30,
large,41,6,5,B4_Proposed_LPA_Layered,2741,4712,5,5,True,43.94800029695034,700.0,3294.0,700.0,0.0,7201.0,338.0,30.0,54.0,10.67002274298732,185.77738443470759,4.880951533041227,30,
large,41,6,5,B2_GlobalAstar_Layered,2741,4712,5,5,True,59.206899954006076,6621.0,10436.0,9430.0,0.0,10431.0,0.0,30.0,54.0,10.67002274298732,185.77738443470759,4.880951533041227,30,
large,42,6,5,B4_Proposed_LPA_Layered,6255,4280,5,5,True,32.29329991154373,513.0,2219.0,513.0,0.0,5193.0,239.0,30.0,56.0,14.973899265480151,258.54994265770057,6.945058279731017,30,
large,42,6,5,B2_GlobalAstar_Layered,6255,4280,5,5,True,154.54949997365475,16059.0,25874.0,23660.0,0.0,25869.0,0.0,30.0,56.0,14.973899265480151,258.54994265770057,6.945058279731017,30,
large,43,6,5,B4_Proposed_LPA_Layered,906,4535,5,5,True,46.92290001548827,723.0,3145.0,723.0,0.0,7767.0,354.0,30.0,58.0,14.789001749437178,273.99959668398895,7.146887900519671,30,
large,43,6,5,B2_GlobalAstar_Layered,906,4535,5,5,True,157.67960040830076,16515.0,26023.0,24373.0,0.0,26018.0,0.0,30.0,58.0,14.789001749437178,273.99959668398895,7.146887900519671,30,
large,44,6,5,B4_Proposed_LPA_Layered,2500,5762,5,5,True,3.580300137400627,62.0,129.0,62.0,0.0,743.0,31.0,30.0,57.0,6.38026859242067,116.7404245383555,3.159702736150665,30,
large,44,6,5,B2_GlobalAstar_Layered,2500,5762,5,5,True,31.23639989644289,3250.0,5585.0,4375.0,0.0,5580.0,0.0,30.0,57.0,6.38026859242067,116.7404245383555,3.159702736150665,30,
large,45,6,5,B4_Proposed_LPA_Layered,674,4799,5,5,True,1.1899000965058804,19.0,72.0,19.0,0.0,262.0,10.0,30.0,56.0,6.006981185695776,116.34544704372631,2.9729234113117893,30,
large,45,6,5,B2_GlobalAstar_Layered,674,4799,5,5,True,25.98200016655028,2687.0,5016.0,3783.0,0.0,5011.0,0.0,30.0,56.0,6.006981185695776,116.34544704372631,2.9729234113117893,30,
large,46,6,5,B4_Proposed_LPA_Layered,3418,1395,5,5,True,15.949200140312314,246.0,1027.0,246.0,0.0,2694.0,118.0,30.0,54.0,10.29406512794987,173.85425520568828,4.804027656170649,30,
large,46,6,5,B2_GlobalAstar_Layered,3418,1395,5,5,True,58.45959950238466,6292.0,10966.0,9621.0,0.0,10961.0,0.0,30.0,54.0,10.29406512794987,173.85425520568828,4.804027656170649,30,
large,47,6,5,B4_Proposed_LPA_Layered,6305,3583,5,5,True,274.8666999395937,4108.0,20722.0,4108.0,0.0,43590.0,2030.0,30.0,59.0,20.633077978666364,361.32924325135315,9.762367297540594,30,
large,47,6,5,B2_GlobalAstar_Layered,6305,3583,5,5,True,255.41299977339804,25190.0,39975.0,38071.0,0.0,39970.0,0.0,30.0,59.0,20.633077978666364,361.32924325135315,9.762367297540594,30,
large,48,6,5,B4_Proposed_LPA_Layered,4025,4137,5,5,True,254.49520023539662,3830.0,18727.0,3830.0,0.0,41127.0,1890.0,30.0,58.0,23.950324150322864,406.8954463095267,10.6192633892858,30,
large,48,6,5,B2_GlobalAstar_Layered,4025,4137,5,5,True,238.41769993305206,24168.0,38868.0,37018.0,0.0,38863.0,0.0,30.0,58.0,23.950324150322864,406.8954463095267,10.6192633892858,30,
large,49,6,5,B4_Proposed_LPA_Layered,5828,975,5,5,True,29.420099686831236,472.0,1872.0,472.0,0.0,4921.0,230.0,30.0,57.0,12.618853938749693,231.2983026457085,6.296559079371254,30,
large,49,6,5,B2_GlobalAstar_Layered,5828,975,5,5,True,103.25699974782765,10571.0,17154.0,15349.0,0.0,17149.0,0.0,30.0,57.0,12.618853938749693,231.2983026457085,6.296559079371254,30,
large,50,6,5,B4_Proposed_LPA_Layered,2016,1159,5,5,True,11.520200408995152,164.0,757.0,164.0,0.0,1796.0,66.0,30.0,57.0,8.02762588930207,158.17715139893087,3.9779745419679267,30,
large,50,6,5,B2_GlobalAstar_Layered,2016,1159,5,5,True,44.22609996981919,4715.0,8254.0,6772.0,0.0,8249.0,0.0,30.0,57.0,8.02762588930207,158.17715139893087,3.9779745419679267,30,
large,1,8,5,B4_Proposed_LPA_Layered,456,5038,5,5,True,37.820199970155954,579.0,2554.0,579.0,0.0,6166.0,275.0,40.0,76.0,9.595302467045405,155.7788721021065,4.073606163063196,40,
large,1,8,5,B2_GlobalAstar_Layered,456,5038,5,5,True,64.88989992067218,6808.0,11360.0,9925.0,0.0,11355.0,0.0,40.0,76.0,9.595302467045405,155.7788721021065,4.073606163063196,40,
large,2,8,5,B4_Proposed_LPA_Layered,6325,1441,5,5,True,88.34540005773306,1398.0,6388.0,1398.0,0.0,14004.0,681.0,40.0,77.0,11.87818015675911,211.01512049732543,5.813013614919763,40,
large,2,8,5,B2_GlobalAstar_Layered,6325,1441,5,5,True,101.61369945853949,9935.0,16768.0,14912.0,0.0,16763.0,0.0,40.0,77.0,11.87818015675911,211.01512049732543,5.813013614919763,40,
large,3,8,5,B4_Proposed_LPA_Layered,1429,3889,5,5,True,271.3905000127852,3865.0,21388.0,3865.0,0.0,40480.0,1904.0,40.0,77.0,11.437361489875746,231.113725483531,5.69861176450593,40,
large,3,8,5,B2_GlobalAstar_Layered,1429,3889,5,5,True,104.52199960127473,10000.0,17250.0,14964.0,0.0,17245.0,0.0,40.0,77.0,11.437361489875746,231.113725483531,5.69861176450593,40,
large,4,8,5,B4_Proposed_LPA_Layered,426,5342,5,5,True,41.5109999012202,653.0,2789.0,653.0,0.0,7076.0,322.0,40.0,78.0,12.754968019053234,258.1830217352424,6.491580652057275,40,
large,4,8,5,B2_GlobalAstar_Layered,426,5342,5,5,True,66.81900005787611,6906.0,11417.0,10423.0,0.0,11412.0,0.0,40.0,78.0,12.754968019053234,258.1830217352424,6.491580652057275,40,
large,5,8,5,B4_Proposed_LPA_Layered,4036,3992,5,5,True,14.51929984614253,208.0,893.0,208.0,0.0,2346.0,98.0,40.0,73.0,6.284646770154931,100.25048455124937,2.782604536537481,40,
large,5,8,5,B2_GlobalAstar_Layered,4036,3992,5,5,True,31.037099892273545,3226.0,6094.0,4825.0,0.0,6089.0,0.0,40.0,73.0,6.284646770154931,100.25048455124937,2.782604536537481,40,
large,6,8,5,B4_Proposed_LPA_Layered,1910,6426,5,5,True,146.09030005522072,2164.0,11939.0,2164.0,0.0,22844.0,1055.0,40.0,74.0,9.386898167996245,163.39217848044873,4.560725354413461,40,
large,6,8,5,B2_GlobalAstar_Layered,1910,6426,5,5,True,65.26509975083172,7020.0,12114.0,10255.0,0.0,12109.0,0.0,40.0,74.0,9.386898167996245,163.39217848044873,4.560725354413461,40,
large,7,8,5,B4_Proposed_LPA_Layered,1893,4448,5,5,True,17.88409985601902,287.0,1398.0,287.0,0.0,3038.0,147.0,40.0,77.0,6.270680709925111,110.90282443803852,3.2168347331411558,40,
large,7,8,5,B2_GlobalAstar_Layered,1893,4448,5,5,True,28.578499564900994,3080.0,5447.0,4217.0,0.0,5442.0,0.0,40.0,77.0,6.270680709925111,110.90282443803852,3.2168347331411558,40,
large,8,8,5,B4_Proposed_LPA_Layered,6390,3919,5,5,True,105.44180008582771,1606.0,7541.0,1606.0,0.0,16518.0,771.0,40.0,79.0,20.381519892638387,399.62578609589843,10.621673582876955,40,
large,8,8,5,B2_GlobalAstar_Layered,6390,3919,5,5,True,221.07350011356175,20744.0,35177.0,33063.0,0.0,35172.0,0.0,40.0,79.0,20.381519892638387,399.62578609589843,10.621673582876955,40,
large,9,8,5,B4_Proposed_LPA_Layered,2635,716,5,5,True,686.4132995251566,9904.0,52878.0,9904.0,0.0,102715.0,4919.0,40.0,78.0,25.52924194735134,490.7667157061801,12.778191471185405,40,
large,9,8,5,B2_GlobalAstar_Layered,2635,716,5,5,True,298.98619977757335,29901.0,48348.0,46559.0,0.0,48343.0,0.0,40.0,78.0,25.52924194735134,490.7667157061801,12.778191471185405,40,
large,10,8,5,B4_Proposed_LPA_Layered,6351,4733,5,5,True,49.1657005622983,850.0,3369.0,850.0,0.0,8292.0,423.0,40.0,78.0,12.365860319256642,228.60938636993953,6.210011591098185,40,
large,10,8,5,B2_GlobalAstar_Layered,6351,4733,5,5,True,82.01460028067231,8792.0,13955.0,12780.0,0.0,13950.0,0.0,40.0,78.0,12.365860319256642,228.60938636993953,6.210011591098185,40,
large,11,8,5,B4_Proposed_LPA_Layered,2829,3838,5,5,True,545.8828997798264,8100.0,41044.0,8100.0,0.0,84653.0,4018.0,40.0,78.0,19.20995500843757,363.08170871080733,9.329841261324225,40,
large,11,8,5,B2_GlobalAstar_Layered,2829,3838,5,5,True,251.63770001381636,24581.0,39616.0,37328.0,0.0,39611.0,0.0,40.0,78.0,19.20995500843757,363.08170871080733,9.329841261324225,40,
large,12,8,5,B4_Proposed_LPA_Layered,5187,1493,5,5,True,13.073699781671166,219.0,815.0,219.0,0.0,2232.0,107.0,40.0,73.0,7.985083515387247,147.48514542118886,3.999724362635665,40,
large,12,8,5,B2_GlobalAstar_Layered,5187,1493,5,5,True,38.76230027526617,4362.0,7408.0,6227.0,0.0,7403.0,0.0,40.0,73.0,7.985083515387247,147.48514542118886,3.999724362635665,40,
large,13,8,5,B4_Proposed_LPA_Layered,4602,1490,5,5,True,303.1603000126779,4551.0,22511.0,4551.0,0.0,48153.0,2255.0,40.0,76.0,17.19374421859505,327.60179292334067,8.305133787700223,40,
large,13,8,5,B2_GlobalAstar_Layered,4602,1490,5,5,True,154.26420024596155,16151.0,25651.0,24083.0,0.0,25646.0,0.0,40.0,76.0,17.19374421859505,327.60179292334067,8.305133787700223,40,
large,14,8,5,B4_Proposed_LPA_Layered,752,3485,5,5,True,15.341800404712558,222.0,1035.0,222.0,0.0,2494.0,99.0,40.0,72.0,5.440318920445481,99.62471727423414,2.5212815182270245,40,
large,14,8,5,B2_GlobalAstar_Layered,752,3485,5,5,True,20.131699973717332,2106.0,4011.0,2953.0,0.0,4006.0,0.0,40.0,72.0,5.440318920445481,99.62471727423414,2.5212815182270245,40,
large,15,8,5,B4_Proposed_LPA_Layered,43,4658,5,5,True,76.17540005594492,1143.0,5472.0,1143.0,0.0,12247.0,542.0,40.0,77.0,15.557676915947626,289.687373165792,7.5690111949737595,40,
large,15,8,5,B2_GlobalAstar_Layered,43,4658,5,5,True,121.2715997826308,11969.0,19997.0,18218.0,0.0,19992.0,0.0,40.0,77.0,15.557676915947626,289.687373165792,7.5690111949737595,40,
large,16,8,5,B4_Proposed_LPA_Layered,2698,5024,5,5,True,41.30989988334477,681.0,3192.0,681.0,0.0,6875.0,336.0,40.0,77.0,8.035820036234485,155.4855708038866,4.1441871241165975,40,
large,16,8,5,B2_GlobalAstar_Layered,2698,5024,5,5,True,42.29390015825629,4894.0,7801.0,6640.0,0.0,7796.0,0.0,40.0,77.0,8.035820036234485,155.4855708038866,4.1441871241165975,40,
large,17,8,5,B4_Proposed_LPA_Layered,265,4603,5,5,True,23.933900287374854,388.0,1755.0,388.0,0.0,4010.0,185.0,40.0,73.0,8.172549512425315,154.01208824304774,4.045592647291433,40,
large,17,8,5,B2_GlobalAstar_Layered,265,4603,5,5,True,34.10049993544817,4007.0,6665.0,5948.0,0.0,6660.0,0.0,40.0,73.0,8.172549512425315,154.01208824304774,4.045592647291433,40,
large,18,8,5,B4_Proposed_LPA_Layered,6628,14,5,5,True,92.42199989967048,1342.0,6783.0,1342.0,0.0,13965.0,620.0,40.0,76.0,13.518380117059346,246.26921678637535,6.877986503591261,40,
large,18,8,5,B2_GlobalAstar_Layered,6628,14,5,5,True,82.35009992495179,7938.0,14238.0,12891.0,0.0,14233.0,0.0,40.0,76.0,13.518380117059346,246.26921678637535,6.877986503591261,40,
large,19,8,5,B4_Proposed_LPA_Layered,398,1106,5,5,True,47.37100005149841,666.0,3646.0,666.0,0.0,7261.0,302.0,40.0,75.0,6.755138325704033,111.96999575298841,3.2032798725896527,40,
large,19,8,5,B2_GlobalAstar_Layered,398,1106,5,5,True,29.738700250163674,3120.0,5668.0,4545.0,0.0,5663.0,0.0,40.0,75.0,6.755138325704033,111.96999575298841,3.2032798725896527,40,
large,20,8,5,B4_Proposed_LPA_Layered,4202,2978,5,5,True,262.3291003983468,3924.0,19963.0,3924.0,0.0,41198.0,1921.0,40.0,76.0,24.500071290750927,454.52613785076517,12.22899413552296,40,
large,20,8,5,B2_GlobalAstar_Layered,4202,2978,5,5,True,293.96070004440844,29681.0,49239.0,47531.0,0.0,49234.0,0.0,40.0,76.0,24.500071290750927,454.52613785076517,12.22899413552296,40,
large,21,8,5,B4_Proposed_LPA_Layered,4854,3897,5,5,True,40.941099636256695,641.0,2681.0,641.0,0.0,6825.0,310.0,40.0,75.0,13.667969656755567,257.83161372973063,6.707418411891922,40,
large,21,8,5,B2_GlobalAstar_Layered,4854,3897,5,5,True,157.89030003361404,15463.0,26610.0,23858.0,0.0,26605.0,0.0,40.0,75.0,13.667969656755567,257.83161372973063,6.707418411891922,40,
large,22,8,5,B4_Proposed_LPA_Layered,2003,4375,5,5,True,28.1722997315228,461.0,2179.0,461.0,0.0,4601.0,225.0,40.0,76.0,7.914246617186135,126.85083891223567,3.5497451673670706,40,
large,22,8,5,B2_GlobalAstar_Layered,2003,4375,5,5,True,39.304699981585145,4264.0,7307.0,6179.0,0.0,7302.0,0.0,40.0,76.0,7.914246617186135,126.85083891223567,3.5497451673670706,40,
large,23,8,5,B4_Proposed_LPA_Layered,487,758,5,5,True,92.21249958500266,1352.0,6403.0,1352.0,0.0,14839.0,648.0,40.0,76.0,17.50050369852083,299.15855969564086,7.853146790869226,40,
large,23,8,5,B2_GlobalAstar_Layered,487,758,5,5,True,126.46280019544065,13088.0,21501.0,20091.0,0.0,21496.0,0.0,40.0,76.0,17.50050369852083,299.15855969564086,7.853146790869226,40,
large,24,8,5,B4_Proposed_LPA_Layered,3946,5582,5,5,True,33.35700021125376,513.0,2208.0,513.0,0.0,5490.0,237.0,40.0,78.0,12.632613483339199,217.5670981182403,5.96253294354721,40,
large,24,8,5,B2_GlobalAstar_Layered,3946,5582,5,5,True,100.33509996719658,11360.0,18577.0,17243.0,0.0,18572.0,0.0,40.0,78.0,12.632613483339199,217.5670981182403,5.96253294354721,40,
large,25,8,5,B4_Proposed_LPA_Layered,1318,3529,5,5,True,4.314699675887823,66.0,244.0,66.0,0.0,805.0,32.0,40.0,74.0,8.98888058567333,154.0217927136831,4.160543781410493,40,
large,25,8,5,B2_GlobalAstar_Layered,1318,3529,5,5,True,60.31399988569319,6448.0,11166.0,9466.0,0.0,11161.0,0.0,40.0,74.0,8.98888058567333,154.0217927136831,4.160543781410493,40,
large,26,8,5,B4_Proposed_LPA_Layered,5055,3284,5,5,True,71.64560002274811,1079.0,4957.0,1079.0,0.0,11309.0,470.0,40.0,75.0,15.797057696328736,317.77705065503574,8.06478151965107,40,
large,26,8,5,B2_GlobalAstar_Layered,5055,3284,5,5,True,174.9863000586629,17659.0,29169.0,27063.0,0.0,29164.0,0.0,40.0,75.0,15.797057696328736,317.77705065503574,8.06478151965107,40,
large,27,8,5,B4_Proposed_LPA_Layered,3743,4280,5,5,True,23.807099787518382,360.0,1678.0,360.0,0.0,4020.0,178.0,40.0,78.0,7.126024180697995,127.23767842694173,3.5598803528082525,40,
large,27,8,5,B2_GlobalAstar_Layered,3743,4280,5,5,True,36.17170010693371,3758.0,6682.0,5596.0,0.0,6677.0,0.0,40.0,78.0,7.126024180697995,127.23767842694173,3.5598803528082525,40,
large,28,8,5,B4_Proposed_LPA_Layered,6416,5304,5,5,True,20.41680016554892,348.0,1456.0,348.0,0.0,3480.0,174.0,40.0,75.0,8.7812236089958,173.20774358769438,4.418602307630833,40,
large,28,8,5,B2_GlobalAstar_Layered,6416,5304,5,5,True,50.16600014641881,5355.0,9089.0,7879.0,0.0,9084.0,0.0,40.0,75.0,8.7812236089958,173.20774358769438,4.418602307630833,40,
large,29,8,5,B4_Proposed_LPA_Layered,4763,4741,5,5,True,22.754899924620986,333.0,1649.0,333.0,0.0,3629.0,155.0,40.0,74.0,9.85140453307449,171.51265985976585,4.538269795792977,40,
large,29,8,5,B2_GlobalAstar_Layered,4763,4741,5,5,True,87.5293998979032,8281.0,14288.0,12288.0,0.0,14283.0,0.0,40.0,74.0,9.85140453307449,171.51265985976585,4.538269795792977,40,
large,30,8,5,B4_Proposed_LPA_Layered,5335,1075,5,5,True,42.06999996677041,650.0,2890.0,650.0,0.0,6562.0,285.0,40.0,74.0,11.978309598333595,225.34590474438758,5.896017142331628,40,
large,30,8,5,B2_GlobalAstar_Layered,5335,1075,5,5,True,112.28859983384609,11598.0,19415.0,17002.0,0.0,19410.0,0.0,40.0,74.0,11.978309598333595,225.34590474438758,5.896017142331628,40,
large,31,8,5,B4_Proposed_LPA_Layered,6302,4260,5,5,True,82.16449990868568,1423.0,6127.0,1423.0,0.0,13963.0,709.0,40.0,77.0,15.816116014232943,304.2618942593397,7.9209868277801965,40,
large,31,8,5,B2_GlobalAstar_Layered,6302,4260,5,5,True,133.21959972381592,14510.0,23093.0,21748.0,0.0,23088.0,0.0,40.0,77.0,15.816116014232943,304.2618942593397,7.9209868277801965,40,
large,32,8,5,B4_Proposed_LPA_Layered,4478,855,5,5,True,37.018800154328346,576.0,2432.0,576.0,0.0,6128.0,282.0,40.0,76.0,12.052048510458036,218.0724038884212,5.839512116652636,40,
large,32,8,5,B2_GlobalAstar_Layered,4478,855,5,5,True,114.23399951308966,11097.0,18411.0,16842.0,0.0,18406.0,0.0,40.0,76.0,12.052048510458036,218.0724038884212,5.839512116652636,40,
large,33,8,5,B4_Proposed_LPA_Layered,4908,267,5,5,True,28.391800122335553,425.0,1953.0,425.0,0.0,4497.0,215.0,40.0,71.0,9.891523475440112,172.74132166533153,4.591299649959945,40,
large,33,8,5,B2_GlobalAstar_Layered,4908,267,5,5,True,84.87449958920479,8380.0,14218.0,12248.0,0.0,14213.0,0.0,40.0,71.0,9.891523475440112,172.74132166533153,4.591299649959945,40,
large,34,8,5,B4_Proposed_LPA_Layered,1040,2986,5,5,True,271.03240019641817,4074.0,20199.0,4074.0,0.0,42219.0,1941.0,40.0,77.0,16.64923453687587,330.7474668220491,8.514164004661474,40,
large,34,8,5,B2_GlobalAstar_Layered,1040,2986,5,5,True,206.94149984046817,21117.0,34998.0,32198.0,0.0,34993.0,0.0,40.0,77.0,16.64923453687587,330.7474668220491,8.514164004661474,40,
large,35,8,5,B4_Proposed_LPA_Layered,278,5468,5,5,True,41.13029991276562,590.0,3076.0,590.0,0.0,6310.0,286.0,40.0,79.0,15.557365011976183,292.9190463729583,7.779151391188751,40,
large,35,8,5,B2_GlobalAstar_Layered,278,5468,5,5,True,138.62480013631284,13853.0,23734.0,21550.0,0.0,23729.0,0.0,40.0,79.0,15.557365011976183,292.9190463729583,7.779151391188751,40,
large,36,8,5,B4_Proposed_LPA_Layered,4211,2291,5,5,True,66.59080018289387,1069.0,5076.0,1069.0,0.0,10569.0,483.0,40.0,78.0,11.444799574900713,214.72195578225455,5.827198673467635,40,
large,36,8,5,B2_GlobalAstar_Layered,4211,2291,5,5,True,94.98130017891526,10241.0,16902.0,15226.0,0.0,16897.0,0.0,40.0,78.0,11.444799574900713,214.72195578225455,5.827198673467635,40,
large,37,8,5,B4_Proposed_LPA_Layered,1827,1127,5,5,True,30.591699993237853,481.0,2206.0,481.0,0.0,4876.0,213.0,40.0,71.0,5.673185130940892,96.62938941031423,2.588711682309427,40,
large,37,8,5,B2_GlobalAstar_Layered,1827,1127,5,5,True,18.60399986617267,2011.0,3712.0,2755.0,0.0,3707.0,0.0,40.0,71.0,5.673185130940892,96.62938941031423,2.588711682309427,40,
large,38,8,5,B4_Proposed_LPA_Layered,509,6532,5,5,True,298.3583998866379,4618.0,22712.0,4618.0,0.0,47197.0,2291.0,40.0,75.0,20.40628605557431,372.7746544174046,9.788209632522138,40,
large,38,8,5,B2_GlobalAstar_Layered,509,6532,5,5,True,246.65769981220365,25826.0,41254.0,39341.0,0.0,41249.0,0.0,40.0,75.0,20.40628605557431,372.7746544174046,9.788209632522138,40,
large,39,8,5,B4_Proposed_LPA_Layered,3017,2094,5,5,True,20.758099853992462,310.0,1428.0,310.0,0.0,3384.0,156.0,40.0,75.0,7.515849757455652,142.21713695005738,3.347764108501721,40,
large,39,8,5,B2_GlobalAstar_Layered,3017,2094,5,5,True,38.967699743807316,4291.0,7148.0,5918.0,0.0,7143.0,0.0,40.0,75.0,7.515849757455652,142.21713695005738,3.347764108501721,40,
large,40,8,5,B4_Proposed_LPA_Layered,2985,6338,5,5,True,137.81680003739893,2250.0,10501.0,2250.0,0.0,21992.0,1117.0,40.0,76.0,21.023275823894004,395.56195421064956,9.947038626319484,40,
large,40,8,5,B2_GlobalAstar_Layered,2985,6338,5,5,True,165.51450011320412,18049.0,27705.0,26192.0,0.0,27700.0,0.0,40.0,76.0,21.023275823894004,395.56195421064956,9.947038626319484,40,
large,41,8,5,B4_Proposed_LPA_Layered,3419,5647,5,5,True,321.02870009839535,5079.0,23706.0,5079.0,0.0,51310.0,2482.0,40.0,77.0,19.556643854264244,412.8146173833508,9.989808521500526,40,
large,41,8,5,B2_GlobalAstar_Layered,3419,5647,5,5,True,199.0243000909686,19338.0,32511.0,30793.0,0.0,32506.0,0.0,40.0,77.0,19.556643854264244,412.8146173833508,9.989808521500526,40,
large,42,8,5,B4_Proposed_LPA_Layered,6436,896,5,5,True,44.53629977069795,707.0,2717.0,707.0,0.0,7117.0,317.0,40.0,77.0,17.959393949931524,360.73915655976066,9.221344696792825,40,
large,42,8,5,B2_GlobalAstar_Layered,6436,896,5,5,True,197.96389969997108,19066.0,31678.0,29164.0,0.0,31673.0,0.0,40.0,77.0,17.959393949931524,360.73915655976066,9.221344696792825,40,
large,43,8,5,B4_Proposed_LPA_Layered,4684,4402,5,5,True,12.343700276687741,186.0,842.0,186.0,0.0,2083.0,87.0,40.0,74.0,3.88771151278705,70.30777518674869,1.8887332556024603,40,
large,43,8,5,B2_GlobalAstar_Layered,4684,4402,5,5,True,11.947199935093522,1162.0,2433.0,1632.0,0.0,2428.0,0.0,40.0,74.0,3.88771151278705,70.30777518674869,1.8887332556024603,40,
large,44,8,5,B4_Proposed_LPA_Layered,4684,2463,5,5,True,55.70780043490231,875.0,3883.0,875.0,0.0,8712.0,361.0,40.0,74.0,10.431484251161326,202.97548343387632,5.226374503016289,40,
large,44,8,5,B2_GlobalAstar_Layered,4684,2463,5,5,True,81.05849986895919,8437.0,14880.0,12761.0,0.0,14875.0,0.0,40.0,74.0,10.431484251161326,202.97548343387632,5.226374503016289,40,
large,45,8,5,B4_Proposed_LPA_Layered,2851,3059,5,5,True,193.75610002316535,2886.0,14429.0,2886.0,0.0,29838.0,1433.0,40.0,78.0,11.081190984756773,191.02648072784086,4.960514421835226,40,
large,45,8,5,B2_GlobalAstar_Layered,2851,3059,5,5,True,74.08390007913113,7923.0,12258.0,11194.0,0.0,12253.0,0.0,40.0,78.0,11.081190984756773,191.02648072784086,4.960514421835226,40,
large,46,8,5,B4_Proposed_LPA_Layered,4467,905,5,5,True,66.63140002638102,1021.0,4901.0,1021.0,0.0,10977.0,503.0,40.0,75.0,10.847261703282376,193.81173277764233,4.9852719833292705,40,
large,46,8,5,B2_GlobalAstar_Layered,4467,905,5,5,True,102.880600374192,10002.0,17423.0,15247.0,0.0,17418.0,0.0,40.0,75.0,10.847261703282376,193.81173277764233,4.9852719833292705,40,
large,47,8,5,B4_Proposed_LPA_Layered,4422,5531,5,5,True,307.66339995898306,4786.0,22587.0,4786.0,0.0,48100.0,2368.0,40.0,79.0,23.29902937316751,433.39142303415775,11.709612691024732,40,
large,47,8,5,B2_GlobalAstar_Layered,4422,5531,5,5,True,311.0378999263048,29200.0,47611.0,45691.0,0.0,47606.0,0.0,40.0,79.0,23.29902937316751,433.39142303415775,11.709612691024732,40,
large,48,8,5,B4_Proposed_LPA_Layered,1943,6328,5,5,True,32.62569988146424,519.0,2273.0,519.0,0.0,5470.0,253.0,40.0,78.0,16.403126176956544,322.25070229674463,8.29454106890234,40,
large,48,8,5,B2_GlobalAstar_Layered,1943,6328,5,5,True,164.380099857226,17276.0,26993.0,25404.0,0.0,26988.0,0.0,40.0,78.0,16.403126176956544,322.25070229674463,8.29454106890234,40,
large,49,8,5,B4_Proposed_LPA_Layered,6174,383,5,5,True,251.18779996410012,3743.0,18594.0,3743.0,0.0,38624.0,1861.0,40.0,79.0,19.02733367255095,343.30987357613037,9.304106207283914,40,
large,49,8,5,B2_GlobalAstar_Layered,6174,383,5,5,True,172.01089998707175,16904.0,26871.0,25299.0,0.0,26866.0,0.0,40.0,79.0,19.02733367255095,343.30987357613037,9.304106207283914,40,
large,50,8,5,B4_Proposed_LPA_Layered,5949,3656,5,5,True,311.0970996785909,4445.0,22530.0,4445.0,0.0,46974.0,2216.0,40.0,77.0,18.931991095435343,380.0524255637595,9.583182766912785,40,
large,50,8,5,B2_GlobalAstar_Layered,5949,3656,5,5,True,223.9471001084894,21956.0,35345.0,33184.0,0.0,35340.0,0.0,40.0,77.0,18.931991095435343,380.0524255637595,9.583182766912785,40,
