scale,n_block,intensity_index,k_events,baseline,n_trials,n_success,n_failed,failure_reason_top,success_rate,mean_cumulative_replan_ms,std_cumulative_replan_ms,p50_cumulative_replan_ms,p95_cumulative_replan_ms,ci95_cumulative_replan_ms,mean_event_replan_ms,p50_event_replan_ms,p95_event_replan_ms,ci95_event_replan_ms,std_event_replan_ms,mean_cumulative_expanded,p50_cumulative_expanded,p95_cumulative_expanded,mean_event_expanded,p50_event_expanded,p95_event_expanded,ci95_event_expanded,std_event_expanded,mean_cumulative_queue_pushes,mean_cumulative_queue_pops,mean_cumulative_updated_vertices,mean_cumulative_reopened_states,mean_cumulative_affected_edges,mean_cumulative_affected_vertices,mean_final_path_cost,mean_final_path_energy_kj,mean_final_path_len_km,mean_final_min_clearance_m,mean_final_risk_exposure_integral,mean_final_comm_coverage_ratio,mean_final_max_comm_loss_time_s,mean_cumulative_replan_ms_all,mean_cumulative_expanded_all,graph_nodes,graph_edges,ci95_comm_coverage,ci95_final_comm_coverage_ratio,ci95_final_path_cost,ci95_final_risk_exposure_integral,ci95_path_cost,ci95_replan_ms,ci95_risk_exposure,mean_comm_coverage,mean_path_cost,mean_replan_ms,mean_risk_exposure,std_comm_coverage,std_final_comm_coverage_ratio,std_final_path_cost,std_final_risk_exposure_integral,std_path_cost,std_replan_ms,std_risk_exposure
small,2,2,1,B4_Proposed_LPA_Layered,30,30,0,,1,62.61466,27.1198226895,67.77225000000087,106.18727499999991,9.70470391316,62.61466,67.77225000000087,106.18727499999991,9.70470391316,27.1198226895,815.3,895.0,1266.6999999999994,815.3,895.0,1266.6999999999994,113.55688565284103,317.33503995967243,5459.7,815.3,8912.566666666668,386.53333333333336,480.6666666666667,130.03333333333333,18.831562786,325.38655958489323,8.040487650339768,60.23293728298615,2.58609024464,0.711547083622,113.65199684794582,62.61465999999997,815.3,1573,7109,0.0304099903401,0.0304099903401,0.92911141741,0.121116805456,0.92911141741,9.70470391316,0.121116805456,0.711547083622,18.831562786,62.61466,2.58609024464,0.084980804504,0.084980804504,2.59640449873,0.338461257353,2.59640449873,27.1198226895,0.338461257353
small,2,2,1,B2_GlobalAstar_Layered,30,30,0,,1,15.5699266667,5.09905872497,15.594300000000949,26.00959000000075,1.82467473066,15.5699266667,15.594300000000949,26.00959000000075,1.82467473066,5.09905872497,1052.5666666666666,1038.0,1334.2,1052.5666666666666,1038.0,1334.2,73.73098812798796,206.04145604512553,1550.1666666666667,1451.9333333333334,1549.1666666666667,0.0,480.6666666666667,130.03333333333333,18.831562786,325.38655958489323,8.040487650339768,60.23293728298615,2.58609024464,0.711547083622,113.65199684794582,15.569926666666884,1052.5666666666666,1573,7109,0.0304099903401,0.0304099903401,0.92911141741,0.121116805456,0.92911141741,1.82467473066,0.121116805456,0.711547083622,18.831562786,15.5699266667,2.58609024464,0.084980804504,0.084980804504,2.59640449873,0.338461257353,2.59640449873,5.09905872497,0.338461257353
small,2,2,3,B4_Proposed_LPA_Layered,30,30,0,,1,135.679336667,60.0879972434,126.00585000000386,246.27460000000073,21.5022136633,45.2264455556,42.00195000000129,82.09153333333357,7.16740455444,20.0293324145,1752.7666666666667,1693.5,3161.6,584.2555555555555,564.5,1053.8666666666666,87.3703878027352,244.15679723230764,11246.2,1752.7666666666667,18890.666666666668,869.0666666666667,917.2333333333333,270.26666666666665,19.9347907181,341.07325921549386,8.483562883276342,62.24274857132526,2.7677782524,0.679943419534,125.18405010526325,135.67933666666747,1752.7666666666667,1573,7109,0.0200166240006,0.0200166240006,0.863017479501,0.110727574377,0.863017479501,21.5022136633,0.110727574377,0.679943419534,19.9347907181,135.679336667,2.7677782524,0.0559365127053,0.0559365127053,2.41170480124,0.309428521551,2.41170480124,60.0879972434,0.309428521551
small,2,2,3,B2_GlobalAstar_Layered,30,30,0,,1,48.7293666667,12.4118563458,48.30304999999946,68.80323500000019,4.4415257514,16.2431222222,16.101016666666485,22.93441166666673,1.4805085838,4.13728544861,3094.4,2977.5,3930.65,1031.4666666666667,992.5,1310.2166666666667,63.820507942697056,178.3465909778204,4552.5,4270.633333333333,4549.5,0.0,1423.8333333333333,391.6333333333333,19.9347907181,341.07325921549386,8.483562883276342,62.24274857132526,2.7677782524,0.679943419534,125.18405010526325,48.72936666666713,3094.4,1573,7109,0.0200166240006,0.0200166240006,0.863017479501,0.110727574377,0.863017479501,4.4415257514,0.110727574377,0.679943419534,19.9347907181,48.7293666667,2.7677782524,0.0559365127053,0.0559365127053,2.41170480124,0.309428521551,2.41170480124,12.4118563458,0.309428521551
small,2,2,5,B4_Proposed_LPA_Layered,30,30,0,,1,142.139486667,70.5071221619,132.65245000000016,274.2785750000049,25.2306496316,28.4278973333,26.53049000000003,54.85571500000098,5.04612992632,14.1014244324,1836.9666666666667,1744.0,3491.9499999999994,367.3933333333333,348.8,698.3899999999999,61.572444158770445,172.06437033921313,11726.666666666666,1836.9666666666667,20121.333333333332,926.1666666666666,1090.1666666666667,337.3666666666667,19.5004571362,332.6830241986909,8.321969739754671,62.675588650173616,2.73349125754,0.684834353634,124.26125340843852,142.1394866666668,1836.9666666666667,1573,7109,0.0184850871234,0.0184850871234,0.870197584349,0.111652970811,0.870197584349,25.2306496316,0.111652970811,0.684834353634,19.5004571362,142.139486667,2.73349125754,0.0516566285457,0.0516566285457,2.43176962467,0.31201454452,2.43176962467,70.5071221619,0.31201454452
small,2,2,5,B2_GlobalAstar_Layered,30,30,0,,1,83.98784,18.4870795311,78.91005000000106,116.30854499999897,6.61551644796,16.797568,15.782010000000213,23.261708999999794,1.32310328959,3.69741590622,5083.6,5225.0,6409.299999999999,1016.7199999999999,1045.0,1281.86,62.660903503661444,175.10607307454018,7512.766666666666,7026.2,7507.766666666666,0.0,2405.5,658.4333333333333,19.5004571362,332.6830241986909,8.321969739754671,62.675588650173616,2.73349125754,0.684834353634,124.26125340843852,83.98783999999928,5083.6,1573,7109,0.0184850871234,0.0184850871234,0.870197584349,0.111652970811,0.870197584349,6.61551644796,0.111652970811,0.684834353634,19.5004571362,83.98784,2.73349125754,0.0516566285457,0.0516566285457,2.43176962467,0.31201454452,2.43176962467,18.4870795311,0.31201454452
small,2,2,7,B4_Proposed_LPA_Layered,30,30,0,,1,158.0817,101.801432857,138.64460000000278,353.9231699999888,36.4291748927,22.5831,19.80637142857183,50.56045285714125,5.20416784181,14.5430618368,2070.266666666667,1853.5,4521.949999999999,295.752380952381,264.7857142857143,645.992857142857,62.428424169656196,174.45640891439498,13237.5,2070.266666666667,22460.9,1036.3666666666666,1089.1666666666667,354.43333333333334,19.9473449799,339.67819612716426,8.464640053736803,63.522532823350694,2.75650711633,0.680283730046,125.00592010570377,158.08170000000055,2070.266666666667,1573,7109,0.0211515687915,0.0211515687915,1.13333014016,0.138764995932,1.13333014016,36.4291748927,0.138764995932,0.680283730046,19.9473449799,158.0817,2.75650711633,0.0591081191517,0.0591081191517,3.16709430032,0.387779175838,3.16709430032,101.801432857,0.387779175838
small,2,2,7,B2_GlobalAstar_Layered,30,30,0,,1,123.06427,25.3452403821,122.4001499999936,166.83877999999441,9.06967779001,17.58061,17.4857357142848,23.83411142857063,1.29566825572,3.62074862601,7118.0,7310.5,8860.4,1016.8571428571427,1044.357142857143,1265.7714285714285,66.12425169382989,184.78440944316233,10530.6,9878.166666666666,10523.6,0.0,3262.733333333333,898.8333333333334,19.9473449799,339.67819612716426,8.464640053736803,63.522532823350694,2.75650711633,0.680283730046,125.00592010570377,123.06427000000068,7118.0,1573,7109,0.0211515687915,0.0211515687915,1.13333014016,0.138764995932,1.13333014016,9.06967779001,0.138764995932,0.680283730046,19.9473449799,123.06427,2.75650711633,0.0591081191517,0.0591081191517,3.16709430032,0.387779175838,3.16709430032,25.3452403821,0.387779175838
small,2,2,10,B4_Proposed_LPA_Layered,30,30,0,,1,191.439303333,105.195671821,178.15974999997763,359.3895899999808,37.6437877069,19.1439303333,17.815974999997763,35.93895899999808,3.76437877069,10.5195671821,2407.4333333333334,2171.5,4321.049999999998,240.74333333333334,217.14999999999998,432.10499999999985,48.494016923122345,135.51666822873153,15110.733333333334,2407.4333333333334,26162.833333333332,1218.1666666666667,1247.2,415.73333333333335,20.1726785582,342.63610762155173,8.588984123055731,65.38989981192131,2.77886682099,0.69218499044,120.51385822978878,191.43930333332668,2407.4333333333334,1573,7109,0.0185167006293,0.0185167006293,1.16418310618,0.143973653358,1.16418310618,37.6437877069,0.143973653358,0.69218499044,20.1726785582,191.439303333,2.77886682099,0.0517449725777,0.0517449725777,3.25331300164,0.402334783831,3.25331300164,105.195671821,0.402334783831
small,2,2,10,B2_GlobalAstar_Layered,30,30,0,,1,189.060853333,31.2209988455,188.68829999999903,230.20919499998874,11.1722909525,18.9060853333,18.868829999999903,23.02091949999887,1.11722909525,3.12209988455,9947.7,10055.5,12391.65,994.77,1005.55,1239.165,65.8132594113158,183.9153406250859,14746.7,13806.8,14736.7,0.0,4710.6,1286.7333333333333,20.1726785582,342.63610762155173,8.588984123055731,65.38989981192131,2.77886682099,0.69218499044,120.51385822978878,189.06085333333442,9947.7,1573,7109,0.0185167006293,0.0185167006293,1.16418310618,0.143973653358,1.16418310618,11.1722909525,0.143973653358,0.69218499044,20.1726785582,189.060853333,2.77886682099,0.0517449725777,0.0517449725777,3.25331300164,0.402334783831,3.25331300164,31.2209988455,0.402334783831
small,4,4,1,B4_Proposed_LPA_Layered,30,30,0,,1,65.8948566667,19.1527201298,66.74549999999613,91.79579000000045,6.8537128771,65.8948566667,66.74549999999613,91.79579000000045,6.8537128771,19.1527201298,911.9,944.0,1270.2499999999993,911.9,944.0,1270.2499999999993,90.21749605985717,252.1130493551899,6263.266666666666,911.9,10585.2,454.76666666666665,888.5666666666667,230.03333333333333,19.6157416679,336.2059215429388,8.305539846422443,64.28197202329282,2.70084857765,0.686274598683,128.2719979174499,65.89485666666519,911.9,1573,7109,0.0178477775758,0.0178477775758,1.09600933916,0.144099791791,1.09600933916,6.8537128771,0.144099791791,0.686274598683,19.6157416679,65.8948566667,2.70084857765,0.0498756652021,0.0498756652021,3.06280121578,0.40268727804,3.06280121578,19.1527201298,0.40268727804
small,4,4,1,B2_GlobalAstar_Layered,30,30,0,,1,16.26926,7.0155172972,14.918400000006216,27.096829999995713,2.51047062315,16.26926,14.918400000006216,27.096829999995713,2.51047062315,7.0155172972,989.6666666666666,940.5,1279.55,989.6666666666666,940.5,1279.55,75.33335733088825,210.51928134043195,1451.7,1358.2333333333333,1450.7,0.0,888.5666666666667,230.03333333333333,19.6157416679,336.2059215429388,8.305539846422443,64.28197202329282,2.70084857765,0.686274598683,128.2719979174499,16.269260000000923,989.6666666666666,1573,7109,0.0178477775758,0.0178477775758,1.09600933916,0.144099791791,1.09600933916,2.51047062315,0.144099791791,0.686274598683,19.6157416679,16.26926,2.70084857765,0.0498756652021,0.0498756652021,3.06280121578,0.40268727804,3.06280121578,7.0155172972,0.40268727804
small,4,4,3,B4_Proposed_LPA_Layered,30,26,4,event_path_disconnected:4,0.866666666667,132.686003846,59.6980484346,119.04394999999823,221.77540000000917,22.9471910472,44.2286679487,39.68131666666608,73.92513333333639,7.6490636824,19.8993494782,1737.3846153846155,1565.0,2655.0,579.1282051282051,521.6666666666667,885.0,86.92370917213523,226.13555574621512,11316.26923076923,1737.3846153846155,19881.346153846152,885.2307692307693,1470.9615384615386,406.34615384615387,20.548865037,355.3473759426919,8.790113593672885,62.535690438034216,2.85216461728,0.712225698912,117.21023357253021,130.25915333333603,1696.8,1573,7109,0.048342520514,0.048342520514,1.13852110359,0.165509166706,1.13852110359,22.9471910472,0.165509166706,0.712225698912,20.548865037,132.686003846,2.85216461728,0.125765028284,0.125765028284,2.9619088387,0.430578811588,2.9619088387,59.6980484346,0.430578811588
small,4,4,3,B2_GlobalAstar_Layered,30,26,4,event_path_disconnected:4,0.866666666667,54.4736153846,15.1936432217,54.352250000007984,73.87539999999149,5.84024843112,18.1578717949,18.117416666669328,24.625133333330496,1.94674947704,5.06454774056,3165.6153846153848,3400.0,3807.75,1055.2051282051284,1133.3333333333335,1269.25,83.76904654594264,217.92857294531825,4584.923076923077,4363.615384615385,4581.923076923077,0.0,2686.653846153846,693.6538461538462,20.548865037,355.3473759426919,8.790113593672885,62.535690438034216,2.85216461728,0.712225698912,117.21023357253021,55.369130000000645,3215.5333333333333,1573,7109,0.048342520514,0.048342520514,1.13852110359,0.165509166706,1.13852110359,5.84024843112,0.165509166706,0.712225698912,20.548865037,54.4736153846,2.85216461728,0.125765028284,0.125765028284,2.9619088387,0.430578811588,2.9619088387,15.1936432217,0.430578811588
small,4,4,5,B4_Proposed_LPA_Layered,30,30,0,,1,168.021523333,87.4712443774,143.51440000000082,332.50079500000777,31.3011828033,33.6043046667,28.702880000000164,66.50015900000155,6.26023656067,17.4942488755,2141.233333333333,1905.0,4408.65,428.24666666666667,381.0,881.7299999999999,74.58601753913942,208.430838166646,14016.2,2141.233333333333,24494.7,1087.4,1756.5333333333333,495.5,21.7573757202,377.7819577933199,9.289361679295203,62.690843822337975,3.01672264054,0.690692078411,129.59730112349817,168.02152333333567,2141.233333333333,1573,7109,0.0380195864965,0.0380195864965,1.15539922562,0.159568052953,1.15539922562,31.3011828033,0.159568052953,0.690692078411,21.7573757202,168.021523333,3.01672264054,0.106245842608,0.106245842608,3.22876642243,0.445913377856,3.22876642243,87.4712443774,0.445913377856
small,4,4,5,B2_GlobalAstar_Layered,30,30,0,,1,92.2576166667,14.2403528599,95.12249999999511,111.4804949999872,5.09584482562,18.4515233333,19.024499999999023,22.29609899999744,1.01916896512,2.84807057198,5186.033333333334,5492.0,6132.25,1037.2066666666667,1098.4,1226.45,64.94532623632261,181.48989889880608,7541.066666666667,7162.133333333333,7536.066666666667,0.0,4477.333333333333,1149.0333333333333,21.7573757202,377.7819577933199,9.289361679295203,62.690843822337975,3.01672264054,0.690692078411,129.59730112349817,92.25761666666253,5186.033333333334,1573,7109,0.0380195864965,0.0380195864965,1.15539922562,0.159568052953,1.15539922562,5.09584482562,0.159568052953,0.690692078411,21.7573757202,92.2576166667,3.01672264054,0.106245842608,0.106245842608,3.22876642243,0.445913377856,3.22876642243,14.2403528599,0.445913377856
small,4,4,7,B4_Proposed_LPA_Layered,30,28,2,event_path_disconnected:2,0.933333333333,184.077882143,90.896513696,162.276800000015,316.0908149999955,33.6685398395,26.2968403061,23.18240000000214,45.15583071428507,4.80979140565,12.9852162423,2386.3571428571427,2238.0,4173.349999999999,340.90816326530614,319.7142857142857,596.1928571428571,55.528186903056195,149.91201357122506,15249.0,2386.3571428571427,27165.821428571428,1250.5714285714287,1906.3214285714287,554.8214285714286,20.702749797,362.28367112719434,8.859339501339024,65.47895498124383,2.86597687221,0.690283063584,126.43461879918168,182.5842066666676,2381.0333333333333,1573,7109,0.033507983603,0.033507983603,1.29296466156,0.169317395736,1.29296466156,33.6685398395,0.169317395736,0.690283063584,20.702749797,184.077882143,2.86597687221,0.0904630526008,0.0904630526008,3.49067647805,0.45711400179,3.49067647805,90.896513696,0.45711400179
small,4,4,7,B2_GlobalAstar_Layered,30,28,2,event_path_disconnected:2,0.933333333333,132.472692857,30.5358245477,132.8256499999938,176.55604999999707,11.3106276964,18.9246704082,18.975092857141973,25.22229285714244,1.61580395663,4.36226064967,6292.428571428572,6936.5,8342.1,898.9183673469388,990.9285714285713,1191.7285714285713,83.60730607805533,225.71850986795246,9234.25,8677.285714285714,9227.25,0.0,6208.678571428572,1593.6785714285713,20.702749797,362.28367112719434,8.859339501339024,65.47895498124383,2.86597687221,0.690283063584,126.43461879918168,134.05601333333075,6397.8,1573,7109,0.033507983603,0.033507983603,1.29296466156,0.169317395736,1.29296466156,11.3106276964,0.169317395736,0.690283063584,20.702749797,132.472692857,2.86597687221,0.0904630526008,0.0904630526008,3.49067647805,0.45711400179,3.49067647805,30.5358245477,0.45711400179
small,4,4,10,B4_Proposed_LPA_Layered,30,29,1,event_path_disconnected:1,0.966666666667,232.494710345,118.064353804,187.12069999997993,447.8937199999791,42.9710402082,23.2494710345,18.712069999997993,44.78937199999791,4.29710402082,11.8064353804,2811.4827586206898,2333.0,5334.799999999999,281.14827586206894,233.3,533.4799999999999,47.31010603388011,129.98608063033313,17925.793103448275,2811.4827586206898,31690.137931034482,1421.8275862068965,2028.448275862069,610.2068965517242,22.7571216032,395.97432231072077,9.685697848011515,61.84574895982999,3.17157727072,0.684829401496,126.83860292996991,229.2503466666574,2778.7,1573,7109,0.0391826943557,0.0391826943557,0.953540771523,0.132910763745,0.953540771523,42.9710402082,0.132910763745,0.684829401496,22.7571216032,232.494710345,3.17157727072,0.107655748313,0.107655748313,2.61988479846,0.365176718067,2.61988479846,118.064353804,0.365176718067
small,4,4,10,B2_GlobalAstar_Layered,30,29,1,event_path_disconnected:1,0.966666666667,241.141968966,52.1568056316,230.18070000000534,349.04009999996214,18.9831402936,24.1141968966,23.018070000000534,34.90400999999621,1.89831402936,5.21568056316,10201.0,10632.0,12109.8,1020.0999999999999,1063.2,1210.98,64.64315429099709,177.60920383165475,14652.896551724138,14007.896551724138,14642.896551724138,0.0,9068.0,2320.0689655172414,22.7571216032,395.97432231072077,9.685697848011515,61.84574895982999,3.17157727072,0.684829401496,126.83860292996991,241.55464666666265,10239.0,1573,7109,0.0391826943557,0.0391826943557,0.953540771523,0.132910763745,0.953540771523,18.9831402936,0.132910763745,0.684829401496,22.7571216032,241.141968966,3.17157727072,0.107655748313,0.107655748313,2.61988479846,0.365176718067,2.61988479846,52.1568056316,0.365176718067
small,6,6,1,B4_Proposed_LPA_Layered,30,29,1,event_path_disconnected:1,0.966666666667,102.893472414,33.9249430187,102.12440000000811,157.51267999999072,12.3474193823,102.893472414,102.12440000000811,157.51267999999072,12.3474193823,33.9249430187,1184.103448275862,1196.0,1547.6,1184.103448275862,1196.0,1547.6,103.78086625536248,285.14136153689327,8191.724137931034,1184.103448275862,14041.620689655172,566.7241379310345,1271.0,318.51724137931035,21.9121275989,375.68414174579226,9.403015623812683,62.908521162595825,3.00166765751,0.713656860967,134.2794385599137,103.19104666666969,1176.1,1573,7109,0.0312565885623,0.0312565885623,0.932580732348,0.128837061378,0.932580732348,12.3474193823,0.128837061378,0.713656860967,21.9121275989,102.893472414,3.00166765751,0.0858785105699,0.0858785105699,2.56229639778,0.353984086116,2.56229639778,33.9249430187,0.353984086116
small,6,6,1,B2_GlobalAstar_Layered,30,29,1,event_path_disconnected:1,0.966666666667,19.0966103448,6.31746031574,16.079799999999977,30.035720000000765,2.29932094231,19.0966103448,16.079799999999977,30.035720000000765,2.29932094231,6.31746031574,1042.896551724138,1115.0,1238.3999999999999,1042.896551724138,1115.0,1238.3999999999999,71.66711346522598,196.90776390910727,1516.7241379310344,1436.6896551724137,1515.7241379310344,0.0,1271.0,318.51724137931035,21.9121275989,375.68414174579226,9.403015623812683,62.908521162595825,3.00166765751,0.713656860967,134.2794385599137,19.045373333332805,1049.4,1573,7109,0.0312565885623,0.0312565885623,0.932580732348,0.128837061378,0.932580732348,2.29932094231,0.128837061378,0.713656860967,21.9121275989,19.0966103448,3.00166765751,0.0858785105699,0.0858785105699,2.56229639778,0.353984086116,2.56229639778,6.31746031574,0.353984086116
small,6,6,3,B4_Proposed_LPA_Layered,30,25,5,event_path_disconnected:5,0.833333333333,188.76186,97.2132119188,177.19990000000507,299.93231999998216,38.1075790722,62.92062,59.06663333333503,99.97743999999405,12.7025263574,32.4044039729,2207.72,2151.0,3613.5999999999976,735.9066666666665,717.0,1204.5333333333326,106.78774483860755,272.41771642501925,14702.32,2207.72,25906.16,1157.96,2147.88,563.24,22.3857027889,377.5190335744203,9.456425524810735,62.84367784288191,3.11091972008,0.681333276489,150.25288865610904,178.09350666666717,2119.233333333333,1573,7109,0.042314945504,0.042314945504,1.25341808183,0.189387280618,1.25341808183,38.1075790722,0.189387280618,0.681333276489,22.3857027889,188.76186,3.11091972008,0.107946289551,0.107946289551,3.19749510671,0.483130817903,3.19749510671,97.2132119188,0.483130817903
small,6,6,3,B2_GlobalAstar_Layered,30,25,5,event_path_disconnected:5,0.833333333333,56.048816,14.1211040938,56.20520000002216,79.17324000000008,5.53547280477,18.6829386667,18.735066666674054,26.391080000000024,1.84515760159,4.70703469793,2754.28,3041.0,3479.7999999999997,918.0933333333335,1013.6666666666666,1159.9333333333334,86.70883294411458,221.19600240845557,3975.2,3762.8,3972.2,0.0,3980.96,993.2,22.3857027889,377.5190335744203,9.456425524810735,62.84367784288191,3.11091972008,0.681333276489,150.25288865610904,54.33996666667156,2711.766666666667,1573,7109,0.042314945504,0.042314945504,1.25341808183,0.189387280618,1.25341808183,5.53547280477,0.189387280618,0.681333276489,22.3857027889,56.048816,3.11091972008,0.107946289551,0.107946289551,3.19749510671,0.483130817903,3.19749510671,14.1211040938,0.483130817903
small,6,6,5,B4_Proposed_LPA_Layered,30,23,7,event_path_disconnected:7,0.766666666667,191.201991304,82.2186415388,177.403599999991,304.8301500000064,33.6017928555,38.2403982609,35.4807199999982,60.96603000000129,6.72035857109,16.4437283078,2537.4347826086955,2553.0,4149.299999999999,507.4869565217391,510.6,829.8599999999999,73.95840798024012,180.96533898247884,16694.782608695652,2537.4347826086955,29541.043478260868,1335.1304347826087,2354.1739130434785,646.4782608695652,23.4155602618,393.09568050001906,9.818304532007616,62.62369968580161,3.26856751304,0.669842784895,141.96179934350218,171.60481999999982,2279.866666666667,1573,7109,0.0520052059049,0.0520052059049,1.2301731334,0.19717366396,1.2301731334,33.6017928555,0.19717366396,0.669842784895,23.4155602618,191.201991304,3.26856751304,0.12724908462,0.12724908462,3.01005259811,0.482454935298,3.01005259811,82.2186415388,0.482454935298
small,6,6,5,B2_GlobalAstar_Layered,30,23,7,event_path_disconnected:7,0.766666666667,96.2921521739,18.5639087545,94.83789999998748,129.4634900000034,7.58685141084,19.2584304348,18.967579999997497,25.892698000000678,1.51737028217,3.7127817509,4774.826086956522,5352.0,5747.4,954.9652173913042,1070.4,1149.4799999999998,85.25673158654841,208.6106739374388,6788.304347826087,6510.347826086957,6783.304347826087,0.0,6541.04347826087,1634.7391304347825,23.4155602618,393.09568050001906,9.818304532007616,62.62369968580161,3.26856751304,0.669842784895,141.96179934350218,93.60836333333302,4483.933333333333,1573,7109,0.0520052059049,0.0520052059049,1.2301731334,0.19717366396,1.2301731334,7.58685141084,0.19717366396,0.669842784895,23.4155602618,96.2921521739,3.26856751304,0.12724908462,0.12724908462,3.01005259811,0.482454935298,3.01005259811,18.5639087545,0.482454935298
small,6,6,7,B4_Proposed_LPA_Layered,30,19,11,event_path_disconnected:11,0.633333333333,239.183357895,103.989761366,202.94419999999036,427.376929999957,46.7594993407,34.1690511278,28.992028571427195,61.053847142851,6.67992847725,14.8556801951,3095.4210526315787,2612.0,5718.799999999999,442.203007518797,373.14285714285717,816.9714285714284,87.15665763734864,193.83013413162,19961.157894736843,3095.4210526315787,35515.42105263158,1616.2105263157894,2612.842105263158,738.2105263157895,23.4655395181,392.7209764321715,9.778445612609472,61.59860068873353,3.28722366888,0.654228468544,153.33944823994594,222.28474999999716,2890.733333333333,1573,7109,0.0509224841026,0.0509224841026,1.68246994743,0.2466039339,1.68246994743,46.7594993407,0.2466039339,0.654228468544,23.4655395181,239.183357895,3.28722366888,0.113247939876,0.113247939876,3.74169207979,0.548429401505,3.74169207979,103.989761366,0.548429401505
small,6,6,7,B2_GlobalAstar_Layered,30,19,11,event_path_disconnected:11,0.633333333333,156.507326316,24.2536926631,161.7057999999929,191.9757700000218,10.9057902547,22.3581894737,23.10082857142756,27.425110000003116,1.55797003638,3.46481323758,6482.0526315789475,7146.0,7671.299999999998,926.0075187969924,1020.8571428571429,1095.8999999999999,94.64302161887647,210.47926885102953,9247.631578947368,8851.947368421053,9240.631578947368,0.0,9420.105263157895,2350.5263157894738,23.4655395181,392.7209764321715,9.778445612609472,61.59860068873353,3.28722366888,0.654228468544,153.33944823994594,153.99640000000073,6171.366666666667,1573,7109,0.0509224841026,0.0509224841026,1.68246994743,0.2466039339,1.68246994743,10.9057902547,0.2466039339,0.654228468544,23.4655395181,156.507326316,3.28722366888,0.113247939876,0.113247939876,3.74169207979,0.548429401505,3.74169207979,24.2536926631,0.548429401505
small,6,6,10,B4_Proposed_LPA_Layered,30,13,17,event_path_disconnected:17,0.433333333333,316.198507692,122.371393282,345.5935000000352,483.7761399999691,66.5218471486,31.6198507692,34.55935000000352,48.37761399999691,6.65218471486,12.2371393282,4149.307692307692,4188.0,6337.999999999998,414.9307692307692,418.8,633.7999999999997,83.6964175766896,153.96516589051012,26037.0,4149.307692307692,46129.46153846154,2151.153846153846,2773.4615384615386,804.3076923076923,25.5902864453,430.1283777057193,10.66377949927179,61.03469196547807,3.56182745768,0.66147826929,158.95301439186926,284.19099666667194,3546.9333333333334,1573,7109,0.0521491878103,0.0521491878103,1.62027673709,0.242730064594,1.62027673709,66.5218471486,0.242730064594,0.66147826929,25.5902864453,316.198507692,3.56182745768,0.0959319237877,0.0959319237877,2.98060757959,0.44651821122,2.98060757959,122.371393282,0.44651821122
small,6,6,10,B2_GlobalAstar_Layered,30,13,17,event_path_disconnected:17,0.433333333333,251.864815385,28.1090457522,257.65929999997184,282.28020000002516,15.2802513306,25.1864815385,25.765929999997184,28.228020000002516,1.52802513306,2.81090457522,9474.23076923077,9948.0,10983.599999999999,947.423076923077,994.8,1098.36,101.04842523939178,185.88534617628395,13387.846153846154,12914.076923076924,13377.846153846154,0.0,13358.923076923076,3312.4615384615386,25.5902864453,430.1283777057193,10.66377949927179,61.03469196547807,3.56182745768,0.66147826929,158.95301439186926,253.62962333333311,8813.966666666667,1573,7109,0.0521491878103,0.0521491878103,1.62027673709,0.242730064594,1.62027673709,15.2802513306,0.242730064594,0.66147826929,25.5902864453,251.864815385,3.56182745768,0.0959319237877,0.0959319237877,2.98060757959,0.44651821122,2.98060757959,28.1090457522,0.44651821122
small,8,8,1,B4_Proposed_LPA_Layered,30,25,5,event_path_disconnected:5,0.833333333333,88.957104,19.5456716999,90.240399999999,107.84640000002241,7.66190330635,88.957104,90.240399999999,107.84640000002241,7.66190330635,19.5456716999,1201.36,1170.0,1591.6,1201.36,1170.0,1591.6,91.38175552059978,233.11672326683617,8560.84,1201.36,14959.64,596.52,1657.12,411.16,22.6279369362,386.0150677987017,9.727448676807732,62.73329806857637,3.11720112177,0.72515138176,141.91442473834766,86.61278333333371,1174.9,1573,7109,0.0343145791937,0.0343145791937,0.96991104697,0.129986722738,0.96991104697,7.66190330635,0.129986722738,0.72515138176,22.6279369362,88.957104,3.11720112177,0.0875371918208,0.0875371918208,2.47426287492,0.331598782496,2.47426287492,19.5456716999,0.331598782496
small,8,8,1,B2_GlobalAstar_Layered,30,25,5,event_path_disconnected:5,0.833333333333,15.29802,4.44162647808,14.93759999999611,23.207739999998005,1.74111757941,15.29802,14.93759999999611,23.207739999998005,1.74111757941,4.44162647808,989.12,1077.0,1155.6,989.12,1077.0,1155.6,84.17093824101839,214.72178122708775,1418.4,1347.8,1417.4,0.0,1657.12,411.16,22.6279369362,386.0150677987017,9.727448676807732,62.73329806857637,3.11720112177,0.72515138176,141.91442473834766,15.217796666667027,955.6,1573,7109,0.0343145791937,0.0343145791937,0.96991104697,0.129986722738,0.96991104697,1.74111757941,0.129986722738,0.72515138176,22.6279369362,15.29802,3.11720112177,0.0875371918208,0.0875371918208,2.47426287492,0.331598782496,2.47426287492,4.44162647808,0.331598782496
small,8,8,3,B4_Proposed_LPA_Layered,30,16,14,event_path_disconnected:14,0.533333333333,177.9230625,87.4355701439,175.8951000000195,337.44355000001747,42.8434293705,59.3076875,58.631700000006504,112.48118333333916,14.2811431235,29.145190048,2292.375,2061.0,3945.75,764.125,687.0,1315.25,160.17470659379217,326.88715631386157,15273.4375,2292.375,27298.375,1178.625,2419.4375,637.75,24.23486306,404.6229274923345,10.236381513467851,61.1279110378689,3.3787026388,0.704033471776,138.70405631956413,166.1039433333239,2088.133333333333,1573,7109,0.0617039211818,0.0617039211818,1.54093672627,0.234604574779,1.54093672627,42.8434293705,0.234604574779,0.704033471776,24.23486306,177.9230625,3.3787026388,0.125926369759,0.125926369759,3.14476882912,0.478784846488,3.14476882912,87.4355701439,0.478784846488
small,8,8,3,B2_GlobalAstar_Layered,30,16,14,event_path_disconnected:14,0.533333333333,55.12098125,7.19013532085,54.385899999999765,67.33622500001957,3.52316630722,18.3736604167,18.128633333333255,22.445408333339856,1.17438876907,2.39671177362,2977.0625,3027.5,3398.75,992.3541666666666,1009.1666666666667,1132.9166666666667,60.48906077372203,123.44706280351436,4210.375,4047.5,4207.375,0.0,5130.25,1260.9375,24.23486306,404.6229274923345,10.236381513467851,61.1279110378689,3.3787026388,0.704033471776,138.70405631956413,50.12501333332958,2473.5666666666666,1573,7109,0.0617039211818,0.0617039211818,1.54093672627,0.234604574779,1.54093672627,3.52316630722,0.234604574779,0.704033471776,24.23486306,55.12098125,3.3787026388,0.125926369759,0.125926369759,3.14476882912,0.478784846488,3.14476882912,7.19013532085,0.478784846488
small,8,8,5,B4_Proposed_LPA_Layered,30,10,20,event_path_disconnected:20,0.333333333333,274.48954,124.126027939,284.78535000002125,460.05065499998625,76.9341091786,54.897908,56.95707000000425,92.01013099999724,15.3868218357,24.8252055878,3647.1,3960.0,5361.2,729.4200000000001,792.0,1072.24,172.2729417864312,277.94636492995875,24069.0,3647.1,41618.0,1885.6,3021.2,817.6,26.4734303543,443.93362220704364,11.110550444714729,60.47139892578116,3.66059363916,0.698467786404,148.16606976853046,205.75767666666144,2779.5333333333333,1573,7109,0.066164083509,0.066164083509,2.33177718745,0.351785235773,2.33177718745,76.9341091786,0.351785235773,0.698467786404,26.4734303543,274.48954,3.66059363916,0.106749593462,0.106749593462,3.76210556548,0.567572751153,3.76210556548,124.126027939,0.567572751153
small,8,8,5,B2_GlobalAstar_Layered,30,10,20,event_path_disconnected:20,0.333333333333,103.74151,16.4078058172,108.11754999994605,122.51992499994627,10.1696634065,20.748302,21.62350999998921,24.503984999989253,2.03393268129,3.28156116343,4576.3,4708.0,5308.4,915.2600000000002,941.6,1061.68,100.23055027587371,161.712668369275,6463.6,6205.1,6458.6,0.0,8636.9,2113.7,26.4734303543,443.93362220704364,11.110550444714729,60.47139892578116,3.66059363916,0.698467786404,148.16606976853046,90.47866333331551,3514.266666666667,1573,7109,0.066164083509,0.066164083509,2.33177718745,0.351785235773,2.33177718745,10.1696634065,0.351785235773,0.698467786404,26.4734303543,103.74151,3.66059363916,0.106749593462,0.106749593462,3.76210556548,0.567572751153,3.76210556548,16.4078058172,0.567572751153
small,8,8,7,B4_Proposed_LPA_Layered,30,3,27,event_path_disconnected:27,0.1,388.181933333,263.584487227,312.6534000000447,644.4226500000354,298.273926323,55.4545619048,44.664771428577815,92.06037857143363,42.6105609033,37.6549267467,4516.0,4194.0,6516.0,645.142857142857,599.1428571428571,930.8571428571428,341.98122989427355,302.2086048019257,28926.333333333332,4516.0,50400.666666666664,2365.6666666666665,3265.6666666666665,918.3333333333334,26.9514117646,448.0456357755764,11.15596454140694,62.62334526909717,3.783841647,0.618719162071,160.73940641106333,216.51368333333684,2738.4333333333334,1573,7109,0.0320978059751,0.0320978059751,6.58734794174,0.953121799151,6.58734794174,298.273926323,0.953121799151,0.618719162071,26.9514117646,388.181933333,3.783841647,0.0283648116124,0.0283648116124,5.82123536849,0.842273154046,5.82123536849,263.584487227,0.842273154046
small,8,8,7,B2_GlobalAstar_Layered,30,3,27,event_path_disconnected:27,0.1,174.8119,50.5804366164,163.52290000008907,223.42698999999016,57.2371522446,24.9731285714,23.36041428572701,31.91814142857002,8.17673603494,7.22577665949,5355.333333333333,5948.0,6458.3,765.0476190476189,849.7142857142857,922.6142857142856,249.5707678751215,220.54553573657603,7699.0,7311.0,7692.0,0.0,12026.0,2911.6666666666665,26.9514117646,448.0456357755764,11.15596454140694,62.62334526909717,3.783841647,0.618719162071,160.73940641106333,137.3469266666575,3589.233333333333,1573,7109,0.0320978059751,0.0320978059751,6.58734794174,0.953121799151,6.58734794174,57.2371522446,0.953121799151,0.618719162071,26.9514117646,174.8119,3.783841647,0.0283648116124,0.0283648116124,5.82123536849,0.842273154046,5.82123536849,50.5804366164,0.842273154046
small,8,8,10,B4_Proposed_LPA_Layered,30,5,25,event_path_disconnected:25,0.166666666667,188.08406,84.4820597319,145.4887999999528,304.8397799999975,74.0517903483,18.808406,14.548879999995279,30.483977999999748,7.40517903483,8.44820597319,2555.6,2030.0,4267.799999999999,255.56,203.0,426.78,109.04525835156703,124.40439300925027,17408.8,2555.6,31883.8,1417.0,3366.4,938.2,25.9212464962,421.96383764667615,10.547261708501846,60.663009982638776,3.68124960781,0.5968271735,162.3826869548793,153.9696933333327,2055.0666666666666,1573,7109,0.0215627925112,0.0215627925112,2.43711784796,0.273477777855,2.43711784796,74.0517903483,0.273477777855,0.5968271735,25.9212464962,188.08406,3.68124960781,0.0245999335917,0.0245999335917,2.78038835572,0.311997398785,2.78038835572,84.4820597319,0.311997398785
small,8,8,10,B2_GlobalAstar_Layered,30,5,25,event_path_disconnected:25,0.166666666667,302.28986,15.5030907956,306.5825999999561,317.736339999999,13.5890582331,30.228986,30.658259999995607,31.773633999999902,1.35890582331,1.55030907956,9550.6,9689.0,9889.8,955.0600000000001,968.9,988.98,29.913131901557893,34.12642671010255,13168.8,12940.8,13158.8,0.0,17493.4,4263.2,25.9212464962,421.96383764667615,10.547261708501846,60.663009982638776,3.68124960781,0.5968271735,162.3826869548793,222.46606666663718,4221.766666666666,1573,7109,0.0215627925112,0.0215627925112,2.43711784796,0.273477777855,2.43711784796,13.5890582331,0.273477777855,0.5968271735,25.9212464962,302.28986,3.68124960781,0.0245999335917,0.0245999335917,2.78038835572,0.311997398785,2.78038835572,15.5030907956,0.311997398785
medium,2,2,1,B4_Proposed_LPA_Layered,30,30,0,,1,82.4311966667,22.8447342302,81.04654999999639,114.56428499999447,8.17488315527,82.4311966667,81.04654999999639,114.56428499999447,8.17488315527,22.8447342302,1089.0333333333333,1081.5,1539.7,1089.0333333333333,1081.5,1539.7,105.94647746091172,296.0677326201735,7181.566666666667,1089.0333333333333,11529.066666666668,540.2333333333333,533.0666666666667,138.46666666666667,23.0034442429,412.77658886407454,10.182139685819697,58.22970965350122,2.98657508974,0.796756796976,89.19867490645449,82.43119666667553,1089.0333333333333,2501,11714,0.0287318281833,0.0287318281833,1.05362609373,0.144346550141,1.05362609373,8.17488315527,0.144346550141,0.796756796976,23.0034442429,82.4311966667,2.98657508974,0.0802911755834,0.0802911755834,2.94436111586,0.403376844952,2.94436111586,22.8447342302,0.403376844952
medium,2,2,1,B2_GlobalAstar_Layered,30,30,0,,1,28.25556,6.06937539026,26.45914999999377,40.11514499999009,2.17189808999,28.25556,26.45914999999377,40.11514499999009,2.17189808999,6.06937539026,1918.6333333333334,1875.0,2266.1,1918.6333333333334,1875.0,2266.1,79.20116700599247,221.32788647916317,2762.5666666666666,2663.4666666666667,2761.5666666666666,0.0,533.0666666666667,138.46666666666667,23.0034442429,412.77658886407454,10.182139685819697,58.22970965350122,2.98657508974,0.796756796976,89.19867490645449,28.255559999998543,1918.6333333333334,2501,11714,0.0287318281833,0.0287318281833,1.05362609373,0.144346550141,1.05362609373,2.17189808999,0.144346550141,0.796756796976,23.0034442429,28.25556,2.98657508974,0.0802911755834,0.0802911755834,2.94436111586,0.403376844952,2.94436111586,6.06937539026,0.403376844952
medium,2,2,3,B4_Proposed_LPA_Layered,30,30,0,,1,205.724923333,74.513555212,205.3516000000286,309.78232000001344,26.664333286,68.5749744444,68.45053333334288,103.26077333333781,8.88811109532,24.8378517373,2625.2,2596.0,3867.449999999999,875.0666666666665,865.3333333333333,1289.1499999999996,103.78483697221216,290.0270221259019,16960.633333333335,2625.2,28004.7,1335.1,1236.1,325.03333333333336,24.3031592245,425.47857915380877,10.721352630717776,58.68052571614589,3.21007477295,0.762411818758,114.10993011245662,205.724923333338,2625.2,2501,11714,0.0224931437762,0.0224931437762,0.910267712953,0.125641309752,0.910267712953,26.664333286,0.125641309752,0.762411818758,24.3031592245,205.724923333,3.21007477295,0.0628571542624,0.0628571542624,2.54374571302,0.351104997478,2.54374571302,74.513555212,0.351104997478
medium,2,2,3,B2_GlobalAstar_Layered,30,30,0,,1,84.8883766667,15.2916476725,82.26700000000164,104.21034000007126,5.47204584282,28.2961255556,27.42233333333388,34.73678000002375,1.82401528094,5.09721589084,5614.5,5604.0,6481.1,1871.5,1868.0,2160.366666666667,62.73892558492253,175.32410600255136,8091.6,7778.966666666666,8088.6,0.0,1712.9333333333334,429.06666666666666,24.3031592245,425.47857915380877,10.721352630717776,58.68052571614589,3.21007477295,0.762411818758,114.10993011245662,84.88837666666882,5614.5,2501,11714,0.0224931437762,0.0224931437762,0.910267712953,0.125641309752,0.910267712953,5.47204584282,0.125641309752,0.762411818758,24.3031592245,84.8883766667,3.21007477295,0.0628571542624,0.0628571542624,2.54374571302,0.351104997478,2.54374571302,15.2916476725,0.351104997478
medium,2,2,5,B4_Proposed_LPA_Layered,30,29,1,event_path_disconnected:1,0.966666666667,245.895903448,110.317061069,246.811100000059,436.27348000005645,40.1513133653,49.1791806897,49.3622200000118,87.2546960000113,8.03026267306,22.0634122138,3077.9310344827586,2931.0,5320.799999999998,615.5862068965517,586.2,1064.1599999999996,92.8901984560701,255.21889165988188,20171.620689655174,3077.9310344827586,33399.1724137931,1579.7931034482758,1523.0344827586207,412.58620689655174,25.2675775725,441.87166656916287,11.1356839475859,60.24186104376201,3.36354226091,0.75491952251,125.27185087311945,243.25513333333413,3052.7,2501,11714,0.0207241947611,0.0207241947611,0.928726311366,0.123707632204,0.928726311366,40.1513133653,0.123707632204,0.75491952251,25.2675775725,245.895903448,3.36354226091,0.0569404103489,0.0569404103489,2.55170624869,0.339890809856,2.55170624869,110.317061069,0.339890809856
medium,2,2,5,B2_GlobalAstar_Layered,30,29,1,event_path_disconnected:1,0.966666666667,151.546165517,26.2021912042,143.4183000000644,193.5780199999499,9.53662452302,30.3092331035,28.68366000001288,38.71560399998998,1.9073249046,5.24043824084,9272.758620689656,9111.0,10787.2,1854.5517241379307,1822.2,2157.44,85.02223146983026,233.6013922119253,13371.758620689656,12881.344827586207,13366.758620689656,0.0,2936.4137931034484,731.4137931034483,25.2675775725,441.87166656916287,11.1356839475859,60.24186104376201,3.36354226091,0.75491952251,125.27185087311945,150.8856866666747,9234.433333333332,2501,11714,0.0207241947611,0.0207241947611,0.928726311366,0.123707632204,0.928726311366,9.53662452302,0.123707632204,0.75491952251,25.2675775725,151.546165517,3.36354226091,0.0569404103489,0.0569404103489,2.55170624869,0.339890809856,2.55170624869,26.2021912042,0.339890809856
medium,2,2,7,B4_Proposed_LPA_Layered,30,27,3,event_path_disconnected:3,0.9,258.799955556,113.469125131,252.9928999999811,477.7704699999446,42.8008008936,36.9714222222,36.141842857140155,68.25292428570637,6.11440012766,16.2098750188,3437.5925925925926,3434.0,6123.4,491.084656084656,490.57142857142856,874.7714285714285,77.31691938108362,204.9747438562403,21976.333333333332,3437.5925925925926,37000.37037037037,1772.888888888889,1577.6296296296296,455.14814814814815,25.098759734,442.6996084538431,11.033334467401103,61.47016812548227,3.31538462701,0.757705794467,129.81624139907032,250.00487333333203,3312.6666666666665,2501,11714,0.015199117069,0.015199117069,1.38951021182,0.192510237191,1.38951021182,42.8008008936,0.192510237191,0.757705794467,25.098759734,258.799955556,3.31538462701,0.0402943515211,0.0402943515211,3.68372798649,0.510363538456,3.68372798649,113.469125131,0.510363538456
medium,2,2,7,B2_GlobalAstar_Layered,30,27,3,event_path_disconnected:3,0.9,209.165851852,24.9002142828,205.29009999989967,249.75314000004687,9.39241500711,29.8808359788,29.32715714284281,35.679020000006695,1.34177357244,3.55717346897,13143.666666666666,12660.0,15060.1,1877.666666666667,1808.5714285714287,2151.442857142857,75.13052986222657,199.1784105932865,18857.25925925926,18171.222222222223,18850.25925925926,0.0,3814.259259259259,974.8518518518518,25.098759734,442.6996084538431,11.033334467401103,61.47016812548227,3.31538462701,0.757705794467,129.81624139907032,205.02055999999885,12745.866666666667,2501,11714,0.015199117069,0.015199117069,1.38951021182,0.192510237191,1.38951021182,9.39241500711,0.192510237191,0.757705794467,25.098759734,209.165851852,3.31538462701,0.0402943515211,0.0402943515211,3.68372798649,0.510363538456,3.68372798649,24.9002142828,0.510363538456
medium,2,2,10,B4_Proposed_LPA_Layered,30,28,2,event_path_disconnected:2,0.933333333333,295.098325,131.425257868,280.63305000003425,440.6304600000396,48.6805967635,29.5098325,28.063305000003425,44.063046000003965,4.86805967635,13.1425257868,3738.75,3878.5,5413.8,373.875,387.85,541.38,48.70198118526975,131.4829903799699,24072.285714285714,3738.75,40659.5,1935.2142857142858,1906.357142857143,553.3928571428571,25.610130341,448.25398066764643,11.329717035385839,62.50789630223836,3.41145900995,0.751295101819,131.07553116290828,285.6578133333414,3616.4333333333334,2501,11714,0.0175712044693,0.0175712044693,0.944683608361,0.133937886672,0.944683608361,48.6805967635,0.133937886672,0.751295101819,25.610130341,295.098325,3.41145900995,0.0474377931241,0.0474377931241,2.55040601568,0.361598305371,2.55040601568,131.425257868,0.361598305371
medium,2,2,10,B2_GlobalAstar_Layered,30,28,2,event_path_disconnected:2,0.933333333333,308.643521429,48.9787519051,302.53724999994347,363.2179250000348,18.1419835894,30.8643521429,30.253724999994347,36.32179250000348,1.81419835894,4.89787519051,17888.285714285714,17901.5,20910.0,1788.8285714285716,1790.15,2091.0,78.38432871151959,211.61779638308244,25801.285714285714,24788.14285714286,25791.285714285714,0.0,6106.321428571428,1498.4285714285713,25.610130341,448.25398066764643,11.329717035385839,62.50789630223836,3.41145900995,0.751295101819,131.07553116290828,304.55198666665524,17686.5,2501,11714,0.0175712044693,0.0175712044693,0.944683608361,0.133937886672,0.944683608361,18.1419835894,0.133937886672,0.751295101819,25.610130341,308.643521429,3.41145900995,0.0474377931241,0.0474377931241,2.55040601568,0.361598305371,2.55040601568,48.9787519051,0.361598305371
medium,4,4,1,B4_Proposed_LPA_Layered,30,27,3,event_path_disconnected:3,0.9,99.2566740741,39.4515193982,89.53470000000152,174.95550000000435,14.8811989584,99.2566740741,89.53470000000152,174.95550000000435,14.8811989584,39.4515193982,1343.7037037037037,1172.0,2162.1,1343.7037037037037,1172.0,2162.1,192.45353465477973,510.21321446677985,9361.814814814816,1343.7037037037037,15407.814814814816,724.1481481481482,1163.851851851852,271.9259259259259,23.6061802414,413.8016499326412,10.338010332872356,58.53977985146613,3.10366167398,0.767444625528,108.84612834610655,97.79757666667213,1319.6,2501,11714,0.038767860168,0.038767860168,0.93316925391,0.112367529303,0.93316925391,14.8811989584,0.112367529303,0.767444625528,23.6061802414,99.2566740741,3.10366167398,0.102777403334,0.102777403334,2.47392330587,0.297897351849,2.47392330587,39.4515193982,0.297897351849
medium,4,4,1,B2_GlobalAstar_Layered,30,27,3,event_path_disconnected:3,0.9,26.4202851852,5.44250922976,24.907399999960944,37.878610000041135,2.05292632366,26.4202851852,24.907399999960944,37.878610000041135,2.05292632366,5.44250922976,1790.5185185185185,1768.0,2097.4,1790.5185185185185,1768.0,2097.4,64.07215225087495,169.86156589102657,2574.1481481481483,2465.4814814814813,2573.1481481481483,0.0,1163.851851851852,271.9259259259259,23.6061802414,413.8016499326412,10.338010332872356,58.53977985146613,3.10366167398,0.767444625528,108.84612834610655,25.688169999998916,1716.8333333333333,2501,11714,0.038767860168,0.038767860168,0.93316925391,0.112367529303,0.93316925391,2.05292632366,0.112367529303,0.767444625528,23.6061802414,26.4202851852,3.10366167398,0.102777403334,0.102777403334,2.47392330587,0.297897351849,2.47392330587,5.44250922976,0.297897351849
medium,4,4,3,B4_Proposed_LPA_Layered,30,20,10,event_path_disconnected:10,0.666666666667,226.236115,79.4852956084,222.12420000002453,330.9447349999744,34.8359667416,75.4120383333,74.04140000000817,110.31491166665813,11.6119889139,26.4950985361,2879.15,2915.0,4275.35,959.7166666666666,971.6666666666667,1425.1166666666668,140.5265996132184,320.6398259000531,18947.1,2879.15,32047.05,1538.85,2009.15,505.6,25.4908437164,444.81996307869315,11.223543886562455,62.615794542100694,3.32841419294,0.785248590665,115.99816273968693,206.4507733333338,2562.8333333333335,2501,11714,0.0412880186345,0.0412880186345,1.38523484514,0.203152717157,1.38523484514,34.8359667416,0.203152717157,0.785248590665,25.4908437164,226.236115,3.32841419294,0.0942069554317,0.0942069554317,3.16069314137,0.46353396467,3.16069314137,79.4852956084,0.46353396467
medium,4,4,3,B2_GlobalAstar_Layered,30,20,10,event_path_disconnected:10,0.666666666667,97.16591,21.9199545525,91.00294999996095,128.23601999994312,9.60684365485,32.3886366667,30.33431666665365,42.74533999998104,3.20228121828,7.3066515175,5375.2,5425.5,6502.15,1791.7333333333336,1808.5,2167.3833333333337,106.87012760196751,243.8457857980367,7678.5,7399.4,7675.5,0.0,3184.85,761.1,25.4908437164,444.81996307869315,11.223543886562455,62.615794542100694,3.32841419294,0.785248590665,115.99816273968693,88.77123333333543,4930.866666666667,2501,11714,0.0412880186345,0.0412880186345,1.38523484514,0.203152717157,1.38523484514,9.60684365485,0.203152717157,0.785248590665,25.4908437164,97.16591,3.32841419294,0.0942069554317,0.0942069554317,3.16069314137,0.46353396467,3.16069314137,21.9199545525,0.46353396467
medium,4,4,5,B4_Proposed_LPA_Layered,30,18,12,event_path_disconnected:12,0.6,275.722633333,114.393356446,263.545599999901,493.6708650000127,52.8470344697,55.1445266667,52.7091199999802,98.73417300000254,10.5694068939,22.8786712893,3164.722222222222,3000.5,5510.499999999999,632.9444444444445,600.0999999999999,1102.1,119.28248400623885,258.20036729873686,20735.61111111111,3164.722222222222,35726.555555555555,1685.7222222222222,2373.0555555555557,616.6666666666666,26.2410357233,457.43211488115423,11.454283384585668,59.63196478949658,3.49887602188,0.730365944558,145.73426950106867,235.75709333332114,2710.0666666666666,2501,11714,0.0319429911482,0.0319429911482,1.18001108159,0.159990978972,1.18001108159,52.8470344697,0.159990978972,0.730365944558,26.2410357233,275.722633333,3.49887602188,0.0691442009764,0.0691442009764,2.55426685001,0.346318488244,2.55426685001,114.393356446,0.346318488244
medium,4,4,5,B2_GlobalAstar_Layered,30,18,12,event_path_disconnected:12,0.6,180.874066667,43.8171792967,167.6609500000268,260.6447949999591,20.2425040806,36.1748133333,33.53219000000536,52.12895899999182,4.04850081612,8.76343585934,8815.055555555555,8828.5,10441.45,1763.0111111111112,1765.7,2088.29,102.7926593463773,222.5062851429249,12720.722222222223,12228.333333333334,12715.722222222223,0.0,5355.055555555556,1281.4444444444443,26.2410357233,457.43211488115423,11.454283384585668,59.63196478949658,3.49887602188,0.730365944558,145.73426950106867,162.71744999999294,7925.366666666667,2501,11714,0.0319429911482,0.0319429911482,1.18001108159,0.159990978972,1.18001108159,20.2425040806,0.159990978972,0.730365944558,26.2410357233,180.874066667,3.49887602188,0.0691442009764,0.0691442009764,2.55426685001,0.346318488244,2.55426685001,43.8171792967,0.346318488244
medium,4,4,7,B4_Proposed_LPA_Layered,30,16,14,event_path_disconnected:14,0.533333333333,369.4383,94.3822022683,365.2057499999444,513.6308250001349,46.2472791114,52.7769,52.17224999999205,73.37583214287642,6.60675415878,13.4831717526,4805.6875,4797.5,6371.0,686.5267857142858,685.3571428571429,910.1428571428571,75.25804021000015,153.58783716326562,30595.9375,4805.6875,52884.75,2526.4375,2961.25,777.6875,27.928954578,489.0405014124475,12.197898226463085,61.77378929985895,3.71897909666,0.730220582273,139.13095652490193,265.01714666665447,3450.733333333333,2501,11714,0.028945641278,0.028945641278,0.926164066057,0.149935805711,0.926164066057,46.2472791114,0.149935805711,0.730220582273,27.928954578,369.4383,3.71897909666,0.0590727373021,0.0590727373021,1.89013074705,0.305991440226,1.89013074705,94.3822022683,0.305991440226
medium,4,4,7,B2_GlobalAstar_Layered,30,16,14,event_path_disconnected:14,0.533333333333,227.1790875,25.7404170999,232.08424999998556,259.84025000012423,12.612804379,32.4541553571,33.154892857140794,37.12003571430346,1.80182919699,3.67720244284,12236.5625,12419.5,14493.75,1748.080357142857,1774.2142857142858,2070.535714285714,131.14972535077354,267.6525007158644,17558.75,16934.0625,17551.75,0.0,8030.125,1881.75,27.928954578,489.0405014124475,12.197898226463085,61.77378929985895,3.71897909666,0.730220582273,139.13095652490193,198.7578400000037,10608.266666666666,2501,11714,0.028945641278,0.028945641278,0.926164066057,0.149935805711,0.926164066057,12.612804379,0.149935805711,0.730220582273,27.928954578,227.1790875,3.71897909666,0.0590727373021,0.0590727373021,1.89013074705,0.305991440226,1.89013074705,25.7404170999,0.305991440226
medium,4,4,10,B4_Proposed_LPA_Layered,30,20,10,event_path_disconnected:10,0.666666666667,340.69775,158.154476391,345.9539499999096,592.7562850000754,69.3142553904,34.069775,34.59539499999096,59.27562850000755,6.93142553904,15.8154476391,4488.1,4825.5,7243.000000000001,448.80999999999995,482.54999999999995,724.3000000000001,87.4553598691596,199.54707108586527,28534.1,4488.1,49239.9,2393.55,2741.2,759.5,26.0085861335,455.8221397960473,11.413501149936106,67.04142625596785,3.39832628524,0.769229542587,124.08123205182319,292.26602999997715,3816.4,2501,11714,0.0384853811109,0.0384853811109,1.40740567491,0.222068666826,1.40740567491,69.3142553904,0.222068666826,0.769229542587,26.0085861335,340.69775,3.39832628524,0.0878121717387,0.0878121717387,3.21128036839,0.5066945252,3.21128036839,158.154476391,0.5066945252
medium,4,4,10,B2_GlobalAstar_Layered,30,20,10,event_path_disconnected:10,0.666666666667,342.17604,52.8584415055,350.8469000000787,391.69526000005715,23.1662334046,34.217604,35.08469000000787,39.16952600000571,2.31662334046,5.28584415055,16914.5,17056.5,19948.9,1691.45,1705.65,1994.89,99.50643194889464,227.04402656753604,24217.85,23289.6,24207.85,0.0,10366.35,2514.1,26.0085861335,455.8221397960473,11.413501149936106,67.04142625596785,3.39832628524,0.769229542587,124.08123205182319,324.26311333333615,15530.0,2501,11714,0.0384853811109,0.0384853811109,1.40740567491,0.222068666826,1.40740567491,23.1662334046,0.222068666826,0.769229542587,26.0085861335,342.17604,3.39832628524,0.0878121717387,0.0878121717387,3.21128036839,0.5066945252,3.21128036839,52.8584415055,0.5066945252
medium,6,6,1,B4_Proposed_LPA_Layered,30,26,4,event_path_disconnected:4,0.866666666667,104.886019231,42.1437056094,97.05744999996568,173.30282499995064,16.1995189025,104.886019231,97.05744999996568,173.30282499995064,16.1995189025,42.1437056094,1411.7692307692307,1336.5,2337.0,1411.7692307692307,1336.5,2337.0,200.14833842643787,520.6940220661119,9984.307692307691,1411.7692307692307,16752.0,771.7692307692307,1560.423076923077,365.0769230769231,25.1837736469,438.10326375622486,11.056215734459396,61.12180791349496,3.28382999504,0.788569384391,115.2883906728671,103.63712666665303,1374.9,2501,11714,0.0478865301684,0.0478865301684,1.19150398632,0.173092832098,1.19150398632,16.1995189025,0.173092832098,0.788569384391,25.1837736469,104.886019231,3.28382999504,0.124578750901,0.124578750901,3.09974595754,0.450308024761,3.09974595754,42.1437056094,0.450308024761
medium,6,6,1,B2_GlobalAstar_Layered,30,26,4,event_path_disconnected:4,0.866666666667,26.4390115385,5.15023539713,25.134150000042155,38.551874999996016,1.97968675183,26.4390115385,25.134150000042155,38.551874999996016,1.97968675183,5.15023539713,1760.076923076923,1713.0,2108.5,1760.076923076923,1713.0,2108.5,76.25831383260265,198.38909709496096,2523.769230769231,2428.269230769231,2522.769230769231,0.0,1560.423076923077,365.0769230769231,25.1837736469,438.10326375622486,11.056215734459396,61.12180791349496,3.28382999504,0.788569384391,115.2883906728671,24.93272000001146,1655.1,2501,11714,0.0478865301684,0.0478865301684,1.19150398632,0.173092832098,1.19150398632,1.97968675183,0.173092832098,0.788569384391,25.1837736469,26.4390115385,3.28382999504,0.124578750901,0.124578750901,3.09974595754,0.450308024761,3.09974595754,5.15023539713,0.450308024761
medium,6,6,3,B4_Proposed_LPA_Layered,30,13,17,event_path_disconnected:17,0.433333333333,234.434423077,91.7023630544,252.52499999999145,355.7632400000102,49.849972405,78.1448076923,84.17499999999715,118.58774666667007,16.6166574683,30.5674543515,3109.6923076923076,3319.0,4511.4,1036.5641025641025,1106.3333333333333,1503.7999999999997,201.68768419664966,371.01800357173903,21188.153846153848,3109.6923076923076,35431.46153846154,1660.2307692307693,2614.153846153846,649.0,26.6635638334,454.2257139320002,11.546222310059237,63.41514861278048,3.48667560296,0.729472490403,151.49781559390567,178.91481333331285,2386.3,2501,11714,0.0560368091972,0.0560368091972,2.18076157948,0.314867954476,2.18076157948,49.849972405,0.314867954476,0.729472490403,26.6635638334,234.434423077,3.48667560296,0.103083463711,0.103083463711,4.01165698692,0.579220691256,4.01165698692,91.7023630544,0.579220691256
medium,6,6,3,B2_GlobalAstar_Layered,30,13,17,event_path_disconnected:17,0.433333333333,86.0063846154,17.5357087059,85.74250000003758,112.44208000002794,9.53251983891,28.6687948718,28.58083333334586,37.48069333334265,3.17750661297,5.8452362353,5016.153846153846,5165.0,6010.799999999999,1672.0512820512818,1721.6666666666667,2003.6,134.40792315384832,247.25237691827735,7223.923076923077,6929.846153846154,7220.923076923077,0.0,4520.538461538462,1064.7692307692307,26.6635638334,454.2257139320002,11.546222310059237,63.41514861278048,3.48667560296,0.729472490403,151.49781559390567,70.52219000000075,4005.3333333333335,2501,11714,0.0560368091972,0.0560368091972,2.18076157948,0.314867954476,2.18076157948,9.53251983891,0.314867954476,0.729472490403,26.6635638334,86.0063846154,3.48667560296,0.103083463711,0.103083463711,4.01165698692,0.579220691256,4.01165698692,17.5357087059,0.579220691256
medium,6,6,5,B4_Proposed_LPA_Layered,30,15,15,event_path_disconnected:15,0.5,289.942733333,120.854502624,272.1821999999747,524.5875800001045,61.1608168612,57.9885466667,54.436439999994946,104.9175160000209,12.2321633722,24.1709005249,3661.133333333333,3559.0,5616.299999999999,732.2266666666668,711.8,1123.26,127.63367539356966,252.20566286456054,24735.2,3661.133333333333,41956.86666666667,2027.2666666666667,3061.0,779.3333333333334,26.8732215752,464.3506148669321,11.750311435143704,62.76388888888888,3.53928060706,0.769576791203,134.8374187028024,231.47179333334407,2940.6,2501,11714,0.0335185964579,0.0335185964579,1.98148043381,0.304649030966,1.98148043381,61.1608168612,0.304649030966,0.769576791203,26.8732215752,289.942733333,3.53928060706,0.066233145852,0.066233145852,3.91542893928,0.601990113964,3.91542893928,120.854502624,0.601990113964
medium,6,6,5,B2_GlobalAstar_Layered,30,15,15,event_path_disconnected:15,0.5,160.953,28.0229902596,149.94869999998173,211.08464000001277,14.1815897459,32.1906,29.989739999996345,42.216928000002554,2.83631794919,5.60459805191,8154.4,7801.0,10012.6,1630.88,1560.2,2002.52,132.4418986981587,261.7067693867645,11608.933333333332,11162.4,11603.933333333332,0.0,7556.533333333334,1788.2,26.8732215752,464.3506148669321,11.750311435143704,62.76388888888888,3.53928060706,0.769576791203,134.8374187028024,141.2825099999774,6833.4,2501,11714,0.0335185964579,0.0335185964579,1.98148043381,0.304649030966,1.98148043381,14.1815897459,0.304649030966,0.769576791203,26.8732215752,160.953,3.53928060706,0.066233145852,0.066233145852,3.91542893928,0.601990113964,3.91542893928,28.0229902596,0.601990113964
medium,6,6,7,B4_Proposed_LPA_Layered,30,8,22,event_path_disconnected:22,0.266666666667,333.509,170.052985663,304.29304999995566,600.3014200001642,117.840706937,47.6441428571,43.470435714279375,85.75734571430917,16.8343867052,24.2932836661,4645.375,4334.5,8156.349999999998,663.625,619.2142857142858,1165.1928571428568,223.82055898643446,322.9898674046357,29900.375,4645.375,51662.0,2513.125,3320.875,877.375,27.5499933799,478.9202130701469,12.116247211425083,63.320643107096316,3.58659408088,0.78510102796,120.21908355419419,256.5865833333267,3400.5,2501,11714,0.0477794970802,0.0477794970802,2.92616888328,0.434016304679,2.92616888328,117.840706937,0.434016304679,0.78510102796,27.5499933799,333.509,3.58659408088,0.06894940079,0.06894940079,4.22268134747,0.626318106498,4.22268134747,170.052985663,0.626318106498
medium,6,6,7,B2_GlobalAstar_Layered,30,8,22,event_path_disconnected:22,0.266666666667,220.8619875,28.7887938417,220.92405000006465,255.7923000000244,19.9496163207,31.5517125,31.56057857143781,36.541757142860625,2.84994518867,4.11268483453,11790.125,12350.0,13494.5,1684.3035714285716,1764.2857142857142,1927.7857142857142,166.604566639093,240.42289560642598,16644.625,16121.0,16637.625,0.0,10271.25,2461.125,27.5499933799,478.9202130701469,12.116247211425083,63.320643107096316,3.58659408088,0.78510102796,120.21908355419419,198.32830666667482,9491.966666666667,2501,11714,0.0477794970802,0.0477794970802,2.92616888328,0.434016304679,2.92616888328,19.9496163207,0.434016304679,0.78510102796,27.5499933799,220.8619875,3.58659408088,0.06894940079,0.06894940079,4.22268134747,0.626318106498,4.22268134747,28.7887938417,0.626318106498
medium,6,6,10,B4_Proposed_LPA_Layered,30,8,22,event_path_disconnected:22,0.266666666667,407.6802375,128.710824544,413.14579999988155,582.8085449999718,89.1920509103,40.76802375,41.314579999988155,58.28085449999718,8.91920509103,12.8710824544,5543.0,5614.0,7798.049999999998,554.3,561.4000000000001,779.8049999999998,112.77547733439216,162.74347913203775,35578.5,5543.0,60643.5,2898.75,3259.875,895.375,28.9455285361,505.8045329203047,12.772848167937509,63.623563978407134,3.73874354532,0.801014309789,128.23695395613336,289.2566166667014,3823.9333333333334,2501,11714,0.0431862563695,0.0431862563695,2.64686784759,0.388700314966,2.64686784759,89.1920509103,0.388700314966,0.801014309789,28.9455285361,407.6802375,3.73874354532,0.062321009659,0.062321009659,3.81962898763,0.560923731759,3.81962898763,128.710824544,0.560923731759
medium,6,6,10,B2_GlobalAstar_Layered,30,8,22,event_path_disconnected:22,0.266666666667,355.924,37.7096461465,361.85894999988477,401.19978999987325,26.1314515762,35.5924,36.18589499998848,40.119978999987325,2.61314515762,3.77096461465,17406.625,17900.0,19868.1,1740.6625,1790.0,1986.81,172.65032190601326,249.14737427302515,24592.375,23815.25,24582.375,0.0,13799.125,3373.875,28.9455285361,505.8045329203047,12.772848167937509,63.623563978407134,3.73874354532,0.801014309789,128.23695395613336,315.25500000002467,12394.933333333332,2501,11714,0.0431862563695,0.0431862563695,2.64686784759,0.388700314966,2.64686784759,26.1314515762,0.388700314966,0.801014309789,28.9455285361,355.924,3.73874354532,0.062321009659,0.062321009659,3.81962898763,0.560923731759,3.81962898763,37.7096461465,0.560923731759
medium,8,8,1,B4_Proposed_LPA_Layered,30,16,14,event_path_disconnected:14,0.533333333333,106.8633875,35.8938416765,97.1336499999893,174.22249999998485,17.5879824215,106.8633875,97.1336499999893,174.22249999998485,17.5879824215,35.8938416765,1454.625,1284.0,2474.5,1454.625,1284.0,2474.5,249.4983816881384,509.1803707921192,10429.9375,1454.625,18044.625,801.6875,1911.9375,452.1875,24.731684308,431.48291237672845,10.891769667902196,60.704242282443644,3.24321283411,0.800908003171,103.33611844723214,101.58999666667039,1337.5,2501,11714,0.0495778584137,0.0495778584137,1.12423138644,0.175658378903,1.12423138644,17.5879824215,0.175658378903,0.800908003171,24.731684308,106.8633875,3.24321283411,0.101179302885,0.101179302885,2.29434976825,0.358486487558,2.29434976825,35.8938416765,0.358486487558
medium,8,8,1,B2_GlobalAstar_Layered,30,16,14,event_path_disconnected:14,0.533333333333,25.38410625,3.50679610993,24.573799999984658,29.81835000005617,1.71833009387,25.38410625,24.573799999984658,29.81835000005617,1.71833009387,3.50679610993,1736.3125,1741.0,2045.75,1736.3125,1741.0,2045.75,123.82933974998278,252.712938265271,2486.125,2392.9375,2485.125,0.0,1911.9375,452.1875,24.731684308,431.48291237672845,10.891769667902196,60.704242282443644,3.24321283411,0.800908003171,103.33611844723214,20.805156666669216,1336.7333333333333,2501,11714,0.0495778584137,0.0495778584137,1.12423138644,0.175658378903,1.12423138644,1.71833009387,0.175658378903,0.800908003171,24.731684308,25.38410625,3.24321283411,0.101179302885,0.101179302885,2.29434976825,0.358486487558,2.29434976825,3.50679610993,0.358486487558
medium,8,8,3,B4_Proposed_LPA_Layered,30,6,24,event_path_disconnected:24,0.2,158.00365,72.9645336441,153.30890000001318,242.84105000000977,58.3837864044,52.6678833333,51.102966666671065,80.94701666666992,19.4612621348,24.3215112147,2232.6666666666665,2270.0,3273.5,744.2222222222222,756.6666666666667,1091.1666666666665,240.15569230638798,300.1320943752502,14711.0,2232.6666666666665,26291.166666666668,1186.5,2282.3333333333335,611.0,25.592035558,444.42118253384797,11.303683811891903,62.62433765552672,3.30244513434,0.848831591053,91.3096769689356,154.36898333336254,2023.0,2501,11714,0.109044256531,0.109044256531,2.7282780896,0.426689734131,2.7282780896,58.3837864044,0.426689734131,0.848831591053,25.592035558,158.00365,3.30244513434,0.136276932592,0.136276932592,3.40963734487,0.533251085258,3.40963734487,72.9645336441,0.533251085258
medium,8,8,3,B2_GlobalAstar_Layered,30,6,24,event_path_disconnected:24,0.2,91.3988999999,15.3500257671,89.9454499999024,109.52220000004331,12.2825786848,30.4663,29.98181666663413,36.50740000001444,4.09419289495,5.11667525569,5278.666666666667,5464.5,5937.75,1759.5555555555557,1821.5,1979.25,192.99490749502266,241.1933909787991,7479.666666666667,7248.166666666667,7476.666666666667,0.0,4941.833333333333,1252.0,25.592035558,444.42118253384797,11.303683811891903,62.62433765552672,3.30244513434,0.848831591053,91.3096769689356,68.43023333332212,3497.4,2501,11714,0.109044256531,0.109044256531,2.7282780896,0.426689734131,2.7282780896,12.2825786848,0.426689734131,0.848831591053,25.592035558,91.3988999999,3.30244513434,0.136276932592,0.136276932592,3.40963734487,0.533251085258,3.40963734487,15.3500257671,0.533251085258
medium,8,8,5,B4_Proposed_LPA_Layered,30,2,28,event_path_disconnected:28,0.0666666666667,392.3731,138.903631832,392.373100000043,480.7708299999547,192.510612,78.47462,78.4746200000086,96.15416599999094,38.5021224,27.7807263664,5213.0,5213.0,6070.7,1042.6,1042.6,1214.14,373.5760000000001,269.54910498831197,34865.5,5213.0,58890.5,2734.0,3919.0,1026.5,30.3486944994,523.2379434125631,13.394066270821714,63.74683973524316,3.89927603494,0.838791499418,111.00253900676502,187.92293333338344,2472.8333333333335,2501,11714,0.0915636526065,0.0915636526065,3.92018098661,0.66072727895,3.92018098661,192.510612,0.66072727895,0.838791499418,30.3486944994,392.3731,3.89927603494,0.0660666119064,0.0660666119064,2.82855771338,0.476739530062,2.82855771338,138.903631832,0.476739530062
medium,8,8,5,B2_GlobalAstar_Layered,30,2,28,event_path_disconnected:28,0.0666666666667,169.1457,3.74144340069,169.14570000005824,171.52674000010393,5.1853760001,33.82914,33.82914000001165,34.305348000020786,1.03707520002,0.748288680137,9131.5,9131.5,9374.95,1826.3000000000002,1826.3000000000002,1874.99,106.03600000000003,76.50895372438447,12906.5,12587.5,12901.5,0.0,8923.5,2188.5,30.3486944994,523.2379434125631,13.394066270821714,63.74683973524316,3.89927603494,0.838791499418,111.00253900676502,130.06338333332982,5570.733333333334,2501,11714,0.0915636526065,0.0915636526065,3.92018098661,0.66072727895,3.92018098661,5.1853760001,0.66072727895,0.838791499418,30.3486944994,169.1457,3.89927603494,0.0660666119064,0.0660666119064,2.82855771338,0.476739530062,2.82855771338,3.74144340069,0.476739530062
medium,8,8,7,B4_Proposed_LPA_Layered,30,2,28,event_path_disconnected:28,0.0666666666667,309.4188,38.325894647,309.41879999994626,333.8092499998595,53.1169799998,44.2026857143,44.20268571427803,47.68703571426565,7.58813999997,5.47512780671,3872.0,3872.0,4283.3,553.1428571428571,553.1428571428571,611.9,127.96000000000002,92.32794257207209,25773.5,3872.0,43429.0,1973.5,2826.0,836.0,27.7601811516,489.1349171781384,12.028723074731356,60.86991373697924,3.68217157606,0.760747737139,81.37192440973817,196.65715666665923,2594.866666666667,2501,11714,0.225005175551,0.225005175551,1.75774252006,0.0242573085483,1.75774252006,53.1169799998,0.0242573085483,0.760747737139,27.7601811516,309.4188,3.68217157606,0.162349679015,0.162349679015,1.2682771995,0.0175025585386,1.2682771995,38.325894647,0.0175025585386
medium,8,8,7,B2_GlobalAstar_Layered,30,2,28,event_path_disconnected:28,0.0666666666667,284.9,11.5565289676,284.9000000000501,292.2545300000422,16.016532,40.7,40.70000000000716,41.75064714286317,2.288076,1.65093270966,13129.0,13129.0,13390.9,1875.5714285714284,1875.5714285714284,1912.9857142857143,81.47999999999998,58.79087809293865,18448.5,18036.0,18441.5,0.0,11203.5,2846.0,27.7601811516,489.1349171781384,12.028723074731356,60.86991373697924,3.68217157606,0.760747737139,81.37192440973817,207.41529333331528,7128.233333333334,2501,11714,0.225005175551,0.225005175551,1.75774252006,0.0242573085483,1.75774252006,16.016532,0.0242573085483,0.760747737139,27.7601811516,284.9,3.68217157606,0.162349679015,0.162349679015,1.2682771995,0.0175025585386,1.2682771995,11.5565289676,0.0175025585386
medium,8,8,10,B4_Proposed_LPA_Layered,30,0,30,event_path_disconnected:30,0,,,nan,nan,,,nan,nan,,,nan,nan,nan,nan,nan,nan,nan,nan,nan,nan,nan,nan,nan,nan,,nan,nan,nan,,,nan,225.18384333336977,3012.4333333333334,2501,11714,,,,,,,,,,,,,,,,,,
medium,8,8,10,B2_GlobalAstar_Layered,30,0,30,event_path_disconnected:30,0,,,nan,nan,,,nan,nan,,,nan,nan,nan,nan,nan,nan,nan,nan,nan,nan,nan,nan,nan,nan,,nan,nan,nan,,,nan,333.9744733333191,9633.9,2501,11714,,,,,,,,,,,,,,,,,,
large,2,2,1,B4_Proposed_LPA_Layered,30,30,0,,1,110.057086667,39.4279911357,109.32545000002847,167.34733999997496,14.1091254262,110.057086667,109.32545000002847,167.34733999997496,14.1091254262,39.4279911357,1457.5333333333333,1453.0,2075.1,1457.5333333333333,1453.0,2075.1,159.03030199776998,444.41063128080356,9516.4,1457.5333333333333,15202.433333333332,706.2666666666667,656.6,157.26666666666668,25.0788141777,453.37720507717245,11.38525133084301,59.2110012478299,3.11590023367,0.86864416649,76.77754111858093,110.05708666666958,1457.5333333333333,6740,24620,0.0333145809867,0.0333145809867,0.692343971264,0.0949679311599,0.692343971264,14.1091254262,0.0949679311599,0.86864416649,25.0788141777,110.057086667,3.11590023367,0.0930976913277,0.0930976913277,1.93475719701,0.265388153755,1.93475719701,39.4279911357,0.265388153755
large,2,2,1,B2_GlobalAstar_Layered,30,30,0,,1,54.84024,5.86123085559,53.186949999940225,66.32683499998392,2.09741452484,54.84024,53.186949999940225,66.32683499998392,2.09741452484,5.86123085559,3493.8,3505.5,3746.8999999999996,3493.8,3505.5,3746.8999999999996,66.2254007566531,185.06707078693162,5047.1,4884.733333333334,5046.1,0.0,656.6,157.26666666666668,25.0788141777,453.37720507717245,11.38525133084301,59.2110012478299,3.11590023367,0.86864416649,76.77754111858093,54.84023999999105,3493.8,6740,24620,0.0333145809867,0.0333145809867,0.692343971264,0.0949679311599,0.692343971264,2.09741452484,0.0949679311599,0.86864416649,25.0788141777,54.84024,3.11590023367,0.0930976913277,0.0930976913277,1.93475719701,0.265388153755,1.93475719701,5.86123085559,0.265388153755
large,2,2,3,B4_Proposed_LPA_Layered,30,29,1,event_path_disconnected:1,0.966666666667,241.750031034,69.0090087277,263.4332000000086,347.3030599999901,25.1167163774,80.5833436782,87.81106666666953,115.76768666666338,8.37223879246,23.0030029092,3141.655172413793,3358.0,4530.799999999999,1047.2183908045977,1119.3333333333333,1510.2666666666664,106.85809115994418,293.5961387102561,20348.931034482757,3141.655172413793,32910.31034482759,1596.9655172413793,1286.344827586207,327.3448275862069,26.4837167788,472.8928770169302,11.834878702181026,59.23033522098003,3.32974173836,0.829348393241,99.82403646028482,238.42380000001336,3097.8,6740,24620,0.0282135741852,0.0282135741852,0.539024463796,0.0679686298943,0.539024463796,25.1167163774,0.0679686298943,0.829348393241,26.4837167788,241.750031034,3.32974173836,0.0775177279518,0.0775177279518,1.48098753705,0.186746058008,1.48098753705,69.0090087277,0.186746058008
large,2,2,3,B2_GlobalAstar_Layered,30,29,1,event_path_disconnected:1,0.966666666667,173.267351724,15.8844086291,169.41739999992933,199.7554199999513,5.78133483897,57.755783908,56.47246666664311,66.58513999998377,1.92711161299,5.29480287637,10514.793103448275,10517.0,11140.0,3504.931034482759,3505.6666666666665,3713.3333333333335,48.04024618959535,131.99216485014608,15152.068965517241,14737.758620689656,15149.068965517241,0.0,1898.448275862069,458.48275862068965,26.4837167788,472.8928770169302,11.834878702181026,59.23033522098003,3.32974173836,0.829348393241,99.82403646028482,172.54753333333306,10462.333333333334,6740,24620,0.0282135741852,0.0282135741852,0.539024463796,0.0679686298943,0.539024463796,5.78133483897,0.0679686298943,0.829348393241,26.4837167788,173.267351724,3.32974173836,0.0775177279518,0.0775177279518,1.48098753705,0.186746058008,1.48098753705,15.8844086291,0.186746058008
large,2,2,5,B4_Proposed_LPA_Layered,30,22,8,event_path_disconnected:8,0.733333333333,347.826086364,120.714502034,311.39165000001867,523.4570049999434,50.4433798838,69.5652172727,62.278330000003734,104.69140099998867,10.0886759768,24.1429004067,4476.409090909091,3986.5,7228.15,895.2818181818183,797.3,1445.6299999999999,120.6339917808439,288.6854980710614,27923.272727272728,4476.409090909091,46766.22727272727,2299.3636363636365,1789.8181818181818,470.77272727272725,26.6539034453,478.51508411685285,11.87030135839994,60.88164635860558,3.38239652406,0.804801225041,119.48936086487362,328.4401433333035,4211.066666666667,6740,24620,0.0195470099724,0.0195470099724,0.632215304546,0.0872590304097,0.632215304546,50.4433798838,0.0872590304097,0.804801225041,26.6539034453,347.826086364,3.38239652406,0.0467773487919,0.0467773487919,1.51293501431,0.208816903786,1.51293501431,120.714502034,0.208816903786
large,2,2,5,B2_GlobalAstar_Layered,30,22,8,event_path_disconnected:8,0.733333333333,300.523968182,42.2206020798,287.8504500000645,349.6950850001099,17.6428667124,60.1047936364,57.5700900000129,69.93901700002198,3.52857334248,8.44412041595,17256.454545454544,17284.5,18067.95,3451.290909090909,3456.9,3613.59,47.669540025207674,114.07651112131012,24849.090909090908,24149.090909090908,24844.090909090908,0.0,3300.409090909091,787.4545454545455,26.6539034453,478.51508411685285,11.87030135839994,60.88164635860558,3.38239652406,0.804801225041,119.48936086487362,293.2737200000436,16745.566666666666,6740,24620,0.0195470099724,0.0195470099724,0.632215304546,0.0872590304097,0.632215304546,17.6428667124,0.0872590304097,0.804801225041,26.6539034453,300.523968182,3.38239652406,0.0467773487919,0.0467773487919,1.51293501431,0.208816903786,1.51293501431,42.2206020798,0.208816903786
large,2,2,7,B4_Proposed_LPA_Layered,30,24,6,event_path_disconnected:6,0.8,385.178170833,62.4591714587,383.6964500000022,473.6240150000867,24.9888729724,55.0254529762,54.813778571428884,67.66057357144096,3.56983899605,8.92273877981,5129.916666666667,5082.5,6704.049999999999,732.8452380952381,726.0714285714286,957.7214285714285,51.39116074205233,128.45114398712113,31881.333333333332,5129.916666666667,53555.458333333336,2642.5,2022.0416666666667,547.0833333333334,26.9781572027,481.1523552783378,11.990104317712927,60.36083419234664,3.43520825871,0.806893074497,113.80702945200666,355.07101333330786,4717.966666666666,6740,24620,0.0243505367791,0.0243505367791,0.659428170058,0.0996269380397,0.659428170058,24.9888729724,0.0996269380397,0.806893074497,26.9781572027,385.178170833,3.43520825871,0.0608636633384,0.0608636633384,1.64822708027,0.249015472279,1.64822708027,62.4591714587,0.249015472279
large,2,2,7,B2_GlobalAstar_Layered,30,24,6,event_path_disconnected:6,0.8,402.44715,40.2561541087,389.30690000006507,482.02145500006276,16.1058159736,57.49245,55.615271428580726,68.86020785715182,2.30083085337,5.75087915838,23878.416666666668,23772.0,25128.8,3411.202380952381,3396.0,3589.8285714285716,45.4374890174684,113.57006457766546,34440.458333333336,33517.5,34433.458333333336,0.0,4517.833333333333,1085.0416666666667,26.9781572027,481.1523552783378,11.990104317712927,60.36083419234664,3.43520825871,0.806893074497,113.80702945200666,389.4567233333456,23209.833333333332,6740,24620,0.0243505367791,0.0243505367791,0.659428170058,0.0996269380397,0.659428170058,16.1058159736,0.0996269380397,0.806893074497,26.9781572027,402.44715,3.43520825871,0.0608636633384,0.0608636633384,1.64822708027,0.249015472279,1.64822708027,40.2561541087,0.249015472279
large,2,2,10,B4_Proposed_LPA_Layered,30,24,6,event_path_disconnected:6,0.8,390.045683333,92.514475376,391.55755000018644,525.8088950001195,37.0134988871,39.0045683333,39.155755000018644,52.58088950001194,3.70134988871,9.2514475376,5229.541666666667,5258.5,6892.249999999999,522.9541666666667,525.85,689.2249999999999,49.51826972696457,123.76989160874537,32136.458333333332,5229.541666666667,54819.0,2682.25,2110.625,596.4583333333334,26.5428530662,476.5809672325884,11.795522344843254,60.14293359827112,3.38493258713,0.810037405541,105.84890352801148,356.18442666668295,4791.633333333333,6740,24620,0.0212447834797,0.0212447834797,0.675939946417,0.0956194793814,0.675939946417,37.0134988871,0.0956194793814,0.810037405541,26.5428530662,390.045683333,3.38493258713,0.0531008971645,0.0531008971645,1.68949792396,0.238998912199,1.68949792396,92.514475376,0.238998912199
large,2,2,10,B2_GlobalAstar_Layered,30,24,6,event_path_disconnected:6,0.8,590.170083333,49.444161918,578.0441499999824,712.5713550000964,19.7817846849,59.0170083333,57.804414999998244,71.25713550000964,1.97817846849,4.9444161918,33698.541666666664,33572.5,36166.05,3369.8541666666665,3357.25,3616.605,53.72209913937486,134.27727632926502,48617.916666666664,47190.708333333336,48607.916666666664,0.0,6696.625,1589.2083333333333,26.5428530662,476.5809672325884,11.795522344843254,60.14293359827112,3.38493258713,0.810037405541,105.84890352801148,573.0926066666749,32729.7,6740,24620,0.0212447834797,0.0212447834797,0.675939946417,0.0956194793814,0.675939946417,19.7817846849,0.0956194793814,0.810037405541,26.5428530662,590.170083333,3.38493258713,0.0531008971645,0.0531008971645,1.68949792396,0.238998912199,1.68949792396,49.444161918,0.238998912199
large,4,4,1,B4_Proposed_LPA_Layered,30,28,2,event_path_disconnected:2,0.933333333333,127.45115,44.5116280026,118.69049999995696,198.06555000006938,16.4873377404,127.45115,118.69049999995696,198.06555000006938,16.4873377404,44.5116280026,1718.0,1562.0,2551.1,1718.0,1562.0,2551.1,203.94935812961384,550.6115119002118,11455.285714285714,1718.0,18844.071428571428,852.7142857142857,1179.1785714285713,273.32142857142856,26.3193574842,472.1594578279069,11.769963095493946,60.8833405025422,3.33040822938,0.820170782348,112.99156897257235,124.71690666667048,1685.3,6740,24620,0.0269205747388,0.0269205747388,0.644751329835,0.0995478359162,0.644751329835,16.4873377404,0.0995478359162,0.820170782348,26.3193574842,127.45115,3.33040822938,0.072678720316,0.072678720316,1.74066497574,0.268753895295,1.74066497574,44.5116280026,0.268753895295
large,4,4,1,B2_GlobalAstar_Layered,30,28,2,event_path_disconnected:2,0.933333333333,59.7721,11.0502408276,56.956199999945056,75.84121499996286,4.093066482,59.7721,56.956199999945056,75.84121499996286,4.093066482,11.0502408276,3509.1785714285716,3460.0,3862.45,3509.1785714285716,3460.0,3862.45,75.1304963232493,202.83327464099006,5052.571428571428,4908.857142857143,5051.571428571428,0.0,1179.1785714285713,273.32142857142856,26.3193574842,472.1594578279069,11.769963095493946,60.8833405025422,3.33040822938,0.820170782348,112.99156897257235,58.61142333331676,3461.6,6740,24620,0.0269205747388,0.0269205747388,0.644751329835,0.0995478359162,0.644751329835,4.093066482,0.0995478359162,0.820170782348,26.3193574842,59.7721,3.33040822938,0.072678720316,0.072678720316,1.74066497574,0.268753895295,1.74066497574,11.0502408276,0.268753895295
large,4,4,3,B4_Proposed_LPA_Layered,30,26,4,event_path_disconnected:4,0.866666666667,361.180407692,108.204236795,336.80780000014465,575.6118999998989,41.5923695825,120.393469231,112.26926666671488,191.87063333329962,13.8641231942,36.0680789316,4446.961538461538,4249.0,6015.25,1482.320512820513,1416.3333333333335,2005.0833333333335,121.07666187888724,314.98584773526613,28605.26923076923,4446.961538461538,47966.153846153844,2297.076923076923,2555.9615384615386,605.7307692307693,27.5496541949,477.0638439103043,12.198119685712633,59.153137207031264,3.53803679456,0.793470272257,113.79621347058392,343.16956000000874,4254.133333333333,6740,24620,0.0345336308147,0.0345336308147,0.653405360202,0.117409311601,0.653405360202,41.5923695825,0.117409311601,0.793470272257,27.5496541949,361.180407692,3.53803679456,0.0898406415302,0.0898406415302,1.69986055202,0.30544508721,1.69986055202,108.204236795,0.30544508721
large,4,4,3,B2_GlobalAstar_Layered,30,26,4,event_path_disconnected:4,0.866666666667,181.9049,24.8503565976,176.52364999997872,237.68017499995153,9.55216954975,60.6349666667,58.84121666665958,79.22672499998384,3.18405651658,8.2834521992,10220.76923076923,10251.5,10986.75,3406.923076923076,3417.166666666667,3662.25,64.99247268349463,169.08055431111487,14764.26923076923,14360.76923076923,14761.26923076923,0.0,3944.0384615384614,879.3846153846154,27.5496541949,477.0638439103043,12.198119685712633,59.153137207031264,3.53803679456,0.793470272257,113.79621347058392,178.8125366666653,10029.966666666667,6740,24620,0.0345336308147,0.0345336308147,0.653405360202,0.117409311601,0.653405360202,9.55216954975,0.117409311601,0.793470272257,27.5496541949,181.9049,3.53803679456,0.0898406415302,0.0898406415302,1.69986055202,0.30544508721,1.69986055202,24.8503565976,0.30544508721
large,4,4,5,B4_Proposed_LPA_Layered,30,27,3,event_path_disconnected:3,0.9,371.480348148,132.185589252,348.7360000001445,612.1439300000247,49.8606918846,74.2960696296,69.7472000000289,122.42878600000495,9.97213837692,26.4371178504,4621.111111111111,4595.0,6748.4,924.2222222222221,919.0,1349.6799999999998,90.18126865863715,239.07939674659954,29951.85185185185,4621.111111111111,50854.92592592593,2466.0,3078.777777777778,760.2222222222222,27.9974058777,478.9856435549666,12.198327686775947,58.75406775454927,3.64883850639,0.74772935779,128.7538380439244,364.00178000000477,4504.3,6740,24620,0.0292976540061,0.0292976540061,0.587642232815,0.100821186676,0.587642232815,49.8606918846,0.100821186676,0.74772935779,27.9974058777,371.480348148,3.64883850639,0.0776709570629,0.0776709570629,1.55789725088,0.267286863982,1.55789725088,132.185589252,0.267286863982
large,4,4,5,B2_GlobalAstar_Layered,30,27,3,event_path_disconnected:3,0.9,322.899622222,57.8926924996,296.1851000000024,444.4521399998621,21.8372495779,64.5799244444,59.237020000000484,88.89042799997242,4.36744991557,11.5785384999,16627.48148148148,16496.0,17859.3,3325.496296296297,3299.2,3571.86,64.48920914528277,170.96722466259988,24020.333333333332,23398.666666666668,24015.333333333332,0.0,6705.407407407408,1489.0,27.9974058777,478.9856435549666,12.198327686775947,58.75406775454927,3.64883850639,0.74772935779,128.7538380439244,318.92599666663654,16434.633333333335,6740,24620,0.0292976540061,0.0292976540061,0.587642232815,0.100821186676,0.587642232815,21.8372495779,0.100821186676,0.74772935779,27.9974058777,322.899622222,3.64883850639,0.0776709570629,0.0776709570629,1.55789725088,0.267286863982,1.55789725088,57.8926924996,0.267286863982
large,4,4,7,B4_Proposed_LPA_Layered,30,16,14,event_path_disconnected:14,0.533333333333,420.94933125,87.4025800633,433.15434999999525,552.9733500002294,42.827264231,60.13561875,61.87919285714218,78.99619285717563,6.11818060443,12.4860828662,5501.875,5504.5,7254.5,785.9821428571429,786.3571428571429,1036.357142857143,81.17527044406236,165.66381723278033,34599.0,5501.875,60041.5625,2945.25,3455.125,866.25,28.4035181085,483.2854996984695,12.266165918993634,57.84548102484811,3.7257753943,0.72168554849,127.57693070497848,303.52522333336464,3995.0333333333333,6740,24620,0.0422627252892,0.0422627252892,0.833644392798,0.157051636584,0.833644392798,42.827264231,0.157051636584,0.72168554849,28.4035181085,420.94933125,3.7257753943,0.0862504597739,0.0862504597739,1.70131508734,0.320513544049,1.70131508734,87.4025800633,0.320513544049
large,4,4,7,B2_GlobalAstar_Layered,30,16,14,event_path_disconnected:14,0.533333333333,463.92324375,73.5708058513,447.05179999994016,555.5190499999867,36.0496948671,66.2747491071,63.86454285713431,79.35986428571238,5.14995640959,10.5101151216,22898.4375,22510.0,25081.25,3271.205357142857,3215.714285714286,3583.035714285714,89.24723095377617,182.13720602811463,33118.75,32321.8125,33111.75,0.0,9397.9375,2091.3125,28.4035181085,483.2854996984695,12.266165918993634,57.84548102484811,3.7257753943,0.72168554849,127.57693070497848,419.0205699999903,21281.6,6740,24620,0.0422627252892,0.0422627252892,0.833644392798,0.157051636584,0.833644392798,36.0496948671,0.157051636584,0.72168554849,28.4035181085,463.92324375,3.7257753943,0.0862504597739,0.0862504597739,1.70131508734,0.320513544049,1.70131508734,73.5708058513,0.320513544049
large,4,4,10,B4_Proposed_LPA_Layered,30,14,16,event_path_disconnected:16,0.466666666667,469.539214286,150.889795246,451.4843499998733,686.0367099999165,79.040908376,46.9539214286,45.14843499998733,68.60367099999165,7.9040908376,15.0889795246,6155.642857142857,6104.0,7941.95,615.5642857142858,610.4,794.195,70.47396303709509,134.53542059845947,38627.92857142857,6155.642857142857,66103.21428571429,3277.4285714285716,3510.0,909.0,27.6197357569,467.743375844028,12.056151845084019,59.83035908048115,3.57769036068,0.762137098378,115.35670952010472,324.7063233333165,4261.966666666666,6740,24620,0.0628523110781,0.0628523110781,1.1799145829,0.222445733108,1.1799145829,79.040908376,0.222445733108,0.762137098378,27.6197357569,469.539214286,3.57769036068,0.119985619399,0.119985619399,2.25246740555,0.424650877775,2.25246740555,150.889795246,0.424650877775
large,4,4,10,B2_GlobalAstar_Layered,30,14,16,event_path_disconnected:16,0.466666666667,644.201885714,83.9586118694,637.6144499998873,758.3356149999303,43.9802104398,64.4201885714,63.761444999988726,75.83356149999302,4.39802104398,8.39586118694,32064.785714285714,31706.5,34262.15,3206.4785714285717,3170.65,3426.215,72.51061612884433,138.4234094173572,46263.642857142855,44923.07142857143,46253.642857142855,0.0,12722.785714285714,2870.5,27.6197357569,467.743375844028,12.056151845084019,59.83035908048115,3.57769036068,0.762137098378,115.35670952010472,597.6685400000101,29118.466666666667,6740,24620,0.0628523110781,0.0628523110781,1.1799145829,0.222445733108,1.1799145829,43.9802104398,0.222445733108,0.762137098378,27.6197357569,644.201885714,3.57769036068,0.119985619399,0.119985619399,2.25246740555,0.424650877775,2.25246740555,83.9586118694,0.424650877775
large,6,6,1,B4_Proposed_LPA_Layered,30,22,8,event_path_disconnected:8,0.733333333333,154.870440909,40.3063560277,148.79424999992352,225.38629999999102,16.8429541984,154.870440909,148.79424999992352,225.38629999999102,16.8429541984,40.3063560277,1950.0,1916.5,2847.2499999999995,1950.0,1916.5,2847.2499999999995,213.69701213152086,511.39175180044094,13241.727272727272,1950.0,22311.090909090908,1006.6818181818181,1861.409090909091,410.72727272727275,26.6376788313,468.38339852889254,11.929732826671994,61.97274934402622,3.35403504773,0.838193491143,95.16666034330224,143.1035666666503,1772.6666666666667,6740,24620,0.0449480575938,0.0449480575938,0.733411823888,0.13407773003,0.733411823888,16.8429541984,0.13407773003,0.838193491143,26.6376788313,154.870440909,3.35403504773,0.107563815159,0.107563815159,1.75510529449,0.320857294884,1.75510529449,40.3063560277,0.320857294884
large,6,6,1,B2_GlobalAstar_Layered,30,22,8,event_path_disconnected:8,0.733333333333,60.9525772727,14.4657344705,55.56879999994635,87.4623149999934,6.04484570539,60.9525772727,55.56879999994635,87.4623149999934,6.04484570539,14.4657344705,3411.590909090909,3337.5,3815.95,3411.590909090909,3337.5,3815.95,83.07148497184217,198.79581750197127,4904.954545454545,4761.818181818182,4903.954545454545,0.0,1861.409090909091,410.72727272727275,26.6376788313,468.38339852889254,11.929732826671994,61.97274934402622,3.35403504773,0.838193491143,95.16666034330224,59.846836666641444,3220.4333333333334,6740,24620,0.0449480575938,0.0449480575938,0.733411823888,0.13407773003,0.733411823888,6.04484570539,0.13407773003,0.838193491143,26.6376788313,60.9525772727,3.35403504773,0.107563815159,0.107563815159,1.75510529449,0.320857294884,1.75510529449,14.4657344705,0.320857294884
large,6,6,3,B4_Proposed_LPA_Layered,30,17,13,event_path_disconnected:13,0.566666666667,351.087841176,91.5173868767,358.6147000000892,481.8435599998793,43.5046041905,117.029280392,119.53823333336307,160.61451999995978,14.5015347302,30.5057956256,4165.529411764706,4211.0,5746.2,1388.5098039215684,1403.6666666666667,1915.3999999999999,159.21557179678103,334.92990804144915,28059.882352941175,4165.529411764706,47217.41176470588,2295.5882352941176,3384.705882352941,793.5882352941177,27.7830952341,475.79493216074167,12.18819509397982,59.10124695223142,3.55433992599,0.793494037619,113.30591213732079,281.5288199999941,3347.733333333333,6740,24620,0.0582014319419,0.0582014319419,1.31412206433,0.229926344861,1.31412206433,43.5046041905,0.229926344861,0.793494037619,27.7830952341,351.087841176,3.55433992599,0.122434005846,0.122434005846,2.76442044704,0.483678880599,2.76442044704,91.5173868767,0.483678880599
large,6,6,3,B2_GlobalAstar_Layered,30,17,13,event_path_disconnected:13,0.566666666667,201.025294118,23.9825018327,192.5876000000244,240.9506000001329,11.400557701,67.0084313725,64.1958666666748,80.31686666671096,3.80018590033,7.99416727758,9712.117647058823,9617.0,10899.199999999999,3237.372549019608,3205.6666666666665,3633.0666666666666,100.05701854527331,210.48247757476886,13980.70588235294,13567.470588235294,13977.70588235294,0.0,5373.294117647059,1198.5882352941176,27.7830952341,475.79493216074167,12.18819509397982,59.10124695223142,3.55433992599,0.793494037619,113.30591213732079,190.2120833333356,9085.166666666666,6740,24620,0.0582014319419,0.0582014319419,1.31412206433,0.229926344861,1.31412206433,11.400557701,0.229926344861,0.793494037619,27.7830952341,201.025294118,3.55433992599,0.122434005846,0.122434005846,2.76442044704,0.483678880599,2.76442044704,23.9825018327,0.483678880599
large,6,6,5,B4_Proposed_LPA_Layered,30,9,21,event_path_disconnected:21,0.3,377.191411111,119.429950999,325.2684000001409,571.1358399998516,78.027567986,75.4382822222,65.05368000002818,114.22716799997032,15.6055135972,23.8859901998,5140.222222222223,4500.0,6892.4,1028.0444444444445,900.0,1378.48,158.3961465942314,242.44308152178274,33883.555555555555,5140.222222222223,57592.0,2705.0,3867.6666666666665,929.7777777777778,28.8929828458,487.1328258110427,12.780016688190333,59.39571578414354,3.74409502514,0.779964095838,114.45080416063804,284.51928333333854,3723.6,6740,24620,0.057709023427,0.057709023427,1.84041511283,0.308578390653,1.84041511283,78.027567986,0.308578390653,0.779964095838,28.8929828458,377.191411111,3.74409502514,0.0883301378984,0.0883301378984,2.8169619074,0.472313863244,2.8169619074,119.429950999,0.472313863244
large,6,6,5,B2_GlobalAstar_Layered,30,9,21,event_path_disconnected:21,0.3,295.082066667,30.4877768887,286.5609000000404,346.4255599997614,19.9186809006,59.0164133334,57.312180000008084,69.28511199995228,3.98373618012,6.09755537774,16416.11111111111,16554.0,17782.6,3283.222222222222,3310.8,3556.52,132.69845668774235,203.10988268531992,23557.222222222223,22954.444444444445,23552.222222222223,0.0,9139.333333333334,2027.4444444444443,28.8929828458,487.1328258110427,12.780016688190333,59.39571578414354,3.74409502514,0.779964095838,114.45080416063804,273.1614433333713,14439.066666666668,6740,24620,0.057709023427,0.057709023427,1.84041511283,0.308578390653,1.84041511283,19.9186809006,0.308578390653,0.779964095838,28.8929828458,295.082066667,3.74409502514,0.0883301378984,0.0883301378984,2.8169619074,0.472313863244,2.8169619074,30.4877768887,0.472313863244
large,6,6,7,B4_Proposed_LPA_Layered,30,12,18,event_path_disconnected:18,0.4,458.138066667,124.888206682,454.6190999999453,635.5809450000946,70.6621549515,65.4482952381,64.94558571427791,90.79727785715637,10.0945935645,17.8411723831,6567.75,6534.5,8935.349999999999,938.2499999999999,933.5,1276.478571428571,139.76419892089677,247.01907511240455,41238.75,6567.75,71877.41666666667,3510.0833333333335,4178.0,1037.25,27.7029180645,478.61203412685796,12.287704980867508,58.82606732403792,3.5108979043,0.811443287522,98.81408795568409,364.6600066667058,5132.4,6740,24620,0.0640535491121,0.0640535491121,1.50421654189,0.278208403238,1.50421654189,70.6621549515,0.278208403238,0.811443287522,27.7029180645,458.138066667,3.5108979043,0.113208164762,0.113208164762,2.65855048586,0.491705193368,2.65855048586,124.888206682,0.491705193368
large,6,6,7,B2_GlobalAstar_Layered,30,12,18,event_path_disconnected:18,0.4,403.5426,19.7340615315,407.62035000000196,427.7710699999034,11.1655964227,57.6489428571,58.23147857142885,61.11015285712905,1.59508520324,2.81915164736,21856.333333333332,21673.0,23275.5,3122.333333333334,3096.142857142857,3325.0714285714284,83.29500757469619,147.2154950369472,31373.75,30377.833333333332,31366.75,0.0,12738.416666666666,2824.9166666666665,27.7029180645,478.61203412685796,12.287704980867508,58.82606732403792,3.5108979043,0.811443287522,98.81408795568409,387.3750933333137,20167.433333333334,6740,24620,0.0640535491121,0.0640535491121,1.50421654189,0.278208403238,1.50421654189,11.1655964227,0.278208403238,0.811443287522,27.7029180645,403.5426,3.5108979043,0.113208164762,0.113208164762,2.65855048586,0.491705193368,2.65855048586,19.7340615315,0.491705193368
large,6,6,10,B4_Proposed_LPA_Layered,30,11,19,event_path_disconnected:19,0.366666666667,474.399345455,147.655374816,439.1305999997712,743.7239500001169,87.2587503662,47.4399345455,43.91305999997712,74.3723950000117,8.72587503662,14.7655374816,6759.181818181818,6137.0,10556.0,675.9181818181817,613.7,1055.6,118.72876012823001,200.90752508645275,42090.181818181816,6759.181818181818,74249.63636363637,3648.7272727272725,4407.272727272727,1124.7272727272727,28.9154991647,489.38818988428017,12.726021387501863,57.75450920336175,3.77150889287,0.754065824597,127.1425303866526,355.54430000002714,5068.533333333334,6740,24620,0.0573141236516,0.0573141236516,1.55843080908,0.255325210096,1.55843080908,87.2587503662,0.255325210096,0.754065824597,28.9154991647,474.399345455,3.77150889287,0.0969844098676,0.0969844098676,2.63710727319,0.432049959901,2.63710727319,147.655374816,0.432049959901
large,6,6,10,B2_GlobalAstar_Layered,30,11,19,event_path_disconnected:19,0.366666666667,640.220645455,89.289296359,611.8429999994532,788.4278000000222,52.7666021712,64.0220645455,61.184299999945324,78.84278000000222,5.27666021712,8.9289296359,31311.545454545456,30872.0,34583.5,3131.1545454545453,3087.2,3458.35,143.67402685204098,243.11879550391149,44912.63636363636,43777.09090909091,44902.63636363636,0.0,18014.545454545456,4022.090909090909,28.9154991647,489.38818988428017,12.726021387501863,57.75450920336175,3.77150889287,0.754065824597,127.1425303866526,588.8881499999949,28024.466666666667,6740,24620,0.0573141236516,0.0573141236516,1.55843080908,0.255325210096,1.55843080908,52.7666021712,0.255325210096,0.754065824597,28.9154991647,640.220645455,3.77150889287,0.0969844098676,0.0969844098676,2.63710727319,0.432049959901,2.63710727319,89.289296359,0.432049959901
large,8,8,1,B4_Proposed_LPA_Layered,30,13,17,event_path_disconnected:17,0.433333333333,160.486376923,67.9272980081,162.7702999999201,254.63319999998924,36.9256998235,160.486376923,162.7702999999201,254.63319999998924,36.9256998235,67.9272980081,2312.3076923076924,2368.0,3567.5999999999995,2312.3076923076924,2368.0,3567.5999999999995,510.8744063322853,939.7876874251426,16649.69230769231,2312.3076923076924,27644.615384615383,1369.7692307692307,2674.076923076923,564.4615384615385,27.1145097914,473.72665125509843,12.006954873487162,59.310342902811165,3.43169384338,0.807763622118,118.01526436693752,119.94244666666418,1735.8333333333333,6740,24620,0.0647801044881,0.0647801044881,0.753034430835,0.183655226522,0.753034430835,36.9256998235,0.183655226522,0.807763622118,27.1145097914,160.486376923,3.43169384338,0.119167341001,0.119167341001,1.38525727172,0.337846089914,1.38525727172,67.9272980081,0.337846089914
large,8,8,1,B2_GlobalAstar_Layered,30,13,17,event_path_disconnected:17,0.433333333333,49.0201692308,2.34763681262,48.62709999997605,52.57135999995626,1.27618990861,49.0201692308,48.62709999997605,52.57135999995626,1.27618990861,2.34763681262,3181.3076923076924,3230.0,3316.8,3181.3076923076924,3230.0,3316.8,71.87342284900282,132.21597521693099,4547.0,4422.846153846154,4546.0,0.0,2674.076923076923,564.4615384615385,27.1145097914,473.72665125509843,12.006954873487162,59.310342902811165,3.43169384338,0.807763622118,118.01526436693752,46.39848999999382,2902.5333333333333,6740,24620,0.0647801044881,0.0647801044881,0.753034430835,0.183655226522,0.753034430835,1.27618990861,0.183655226522,0.807763622118,27.1145097914,49.0201692308,3.43169384338,0.119167341001,0.119167341001,1.38525727172,0.337846089914,1.38525727172,2.34763681262,0.337846089914
large,8,8,3,B4_Proposed_LPA_Layered,30,6,24,event_path_disconnected:24,0.2,334.145016667,93.922089859,318.4326499998633,454.14752500016675,75.1533239386,111.381672222,106.1442166666211,151.38250833338893,25.0511079795,31.3073632863,4751.666666666667,4430.5,6364.5,1583.888888888889,1476.8333333333335,2121.5,318.05398780787795,397.4846840748383,32515.0,4751.666666666667,55949.666666666664,2693.3333333333335,5050.833333333333,1111.5,29.332731211,506.4171917331793,12.879935450481705,54.28209997106486,3.78339461587,0.719605067696,139.27949969348728,223.58094333336945,3240.5666666666666,6740,24620,0.0611392589585,0.0611392589585,1.91876355346,0.318585518765,1.91876355346,75.1533239386,0.318585518765,0.719605067696,29.332731211,334.145016667,3.78339461587,0.0764081569899,0.0764081569899,2.39795491991,0.398148959395,2.39795491991,93.922089859,0.398148959395
large,8,8,3,B2_GlobalAstar_Layered,30,6,24,event_path_disconnected:24,0.2,168.367883333,20.4348754572,168.25525000001562,194.55062499997666,16.3513058236,56.1226277778,56.085083333338545,64.85020833332555,5.45043527455,6.8116251524,9179.666666666666,8932.5,9999.75,3059.8888888888887,2977.5,3333.25,154.78500976962437,193.44096620780044,13197.333333333334,12877.666666666666,13194.333333333334,0.0,8218.333333333334,1733.1666666666667,29.332731211,506.4171917331793,12.879935450481705,54.28209997106486,3.78339461587,0.719605067696,139.27949969348728,146.60867333335167,8286.0,6740,24620,0.0611392589585,0.0611392589585,1.91876355346,0.318585518765,1.91876355346,16.3513058236,0.318585518765,0.719605067696,29.332731211,168.367883333,3.78339461587,0.0764081569899,0.0764081569899,2.39795491991,0.398148959395,2.39795491991,20.4348754572,0.398148959395
large,8,8,5,B4_Proposed_LPA_Layered,30,0,30,event_path_disconnected:30,0,,,nan,nan,,,nan,nan,,,nan,nan,nan,nan,nan,nan,nan,nan,nan,nan,nan,nan,nan,nan,,nan,nan,nan,,,nan,217.83500666657196,3103.133333333333,6740,24620,,,,,,,,,,,,,,,,,,
large,8,8,5,B2_GlobalAstar_Layered,30,0,30,event_path_disconnected:30,0,,,nan,nan,,,nan,nan,,,nan,nan,nan,nan,nan,nan,nan,nan,nan,nan,nan,nan,nan,nan,,nan,nan,nan,,,nan,245.728669999941,12786.233333333334,6740,24620,,,,,,,,,,,,,,,,,,
large,8,8,7,B4_Proposed_LPA_Layered,30,1,29,event_path_disconnected:29,0.0333333333333,295.710900001,0,295.71090000058575,295.71090000058575,0,42.2444142858,42.244414285797966,42.244414285797966,0,0,4114.0,4114.0,4114.0,587.7142857142857,587.7142857142857,587.7142857142857,nan,0.0,28658.0,4114.0,52393.0,2483.0,6264.0,1432.0,29.1648716813,499.9970347486174,12.479772076394068,51.65051947699658,3.72567687712,0.670010668728,128.11067163342776,217.95759333333535,3154.5,6740,24620,0,0,0,0,0,0,0,0.670010668728,29.1648716813,295.710900001,3.72567687712,0,0,0,0,0,0,0
large,8,8,7,B2_GlobalAstar_Layered,30,1,29,event_path_disconnected:29,0.0333333333333,400.45,0,400.4499999998643,400.4499999998643,0,57.2071428571,57.20714285712347,57.20714285712347,0,0,18905.0,18905.0,18905.0,2700.714285714286,2700.714285714286,2700.714285714286,nan,0.0,27388.0,26517.0,27381.0,0.0,21137.0,4353.0,29.1648716813,499.9970347486174,12.479772076394068,51.65051947699658,3.72567687712,0.670010668728,128.11067163342776,368.8142600000674,17450.566666666666,6740,24620,0,0,0,0,0,0,0,0.670010668728,29.1648716813,400.45,3.72567687712,0,0,0,0,0,0,0
large,8,8,10,B4_Proposed_LPA_Layered,30,0,30,event_path_disconnected:30,0,,,nan,nan,,,nan,nan,,,nan,nan,nan,nan,nan,nan,nan,nan,nan,nan,nan,nan,nan,nan,,nan,nan,nan,,,nan,246.54788666675813,3605.633333333333,6740,24620,,,,,,,,,,,,,,,,,,
large,8,8,10,B2_GlobalAstar_Layered,30,0,30,event_path_disconnected:30,0,,,nan,nan,,,nan,nan,,,nan,nan,nan,nan,nan,nan,nan,nan,nan,nan,nan,nan,nan,nan,,nan,nan,nan,,,nan,592.4813366666816,24947.133333333335,6740,24620,,,,,,,,,,,,,,,,,,
